location,price_per_month,bed_num,bath_num,sqft_
"Main St,Staten Island,10307",400.0,,,
"118th St,Jamaica,11418",600.0,,,
"110 Astoria Blvd,East Elmhurst,11369",640.0,1.0,1.0,
"10431 110th St # 2B,South Richmond Hill,11419",700.0,1.0,1.0,
"954 E 95th St # 2,Brooklyn,11236",725.0,8.0,1.0,
"24615 137th Ave,Jamaica,11422",750.0,,,
"Oldfield St,Staten Island,10306",800.0,,,
"(undisclosed Address),Staten Island,10312",850.0,,,
"20th Ave,Brooklyn,11214",850.0,,,
"45 Broad St,Staten Island,10304",850.0,,,
"Seguine Ave,Staten Island,10309",900.0,,,
"El Camino Loop,Staten Island,10309",900.0,,,
"(undisclosed Address),Staten Island,10309",900.0,,,
"78th St,Brooklyn,11228",900.0,1.0,1.0,1600.0
"606 Delafield Ave,STATEN ISLAND,10310",900.0,,,
"Sinclair Ave,Staten Island,10312",900.0,1.0,1.0,350.0
"82 Shale St # 1,Staten Island,10314",900.0,1.0,1.0,600.0
"Twombly Ave,STATEN ISLAND,10306",925.0,,,
"109th Rd,Saint Albans,11412",950.0,1.0,1.0,
"213th St,Bayside Hills,11364",950.0,,,
"338 Van Duzer St,STATEN ISLAND,10304",975.0,,,
"21703 Jamaica Ave,Queens Village,11428",1000.0,,,
"140 E 16th St APT 6D,New York,10003",1000.0,,,
"93-20 241st Street Bellerose Grd Fl # ONLY,Queens,11426",1000.0,,,
"Parker St,Bronx,10462",1000.0,,,
"15 Red Cedar Ln,Staten Island,10309",1000.0,,,
"1074 Rockland Ave,Staten Island,10314",1000.0,,,
"1107 Rockland Ave,Staten Island,10314",1000.0,1.0,1.0,700.0
"35 Woodrose Ln,Staten Island,10309",1000.0,1.0,1.0,350.0
"36 Shepard Ave,Staten Island,10314",1000.0,,,
"Gerritsen Ave,Brooklyn,11229",1000.0,1.0,1.0,600.0
"Gerritsen Ave,Brooklyn,11229",1000.0,1.0,1.0,646.0
"Gerritsen Ave,Brooklyn,11229",1000.0,1.0,1.0,650.0
"Brigham St,Brooklyn,11229",1000.0,1.0,1.0,650.0
"Winant Ave,Staten Island,10309",1000.0,1.0,1.0,750.0
"E 23rd St,BROOKLYN,11229",1000.0,,,
"Ludwig Ln,Staten Island,10303",1000.0,,,
"18 Vogel Pl,STATEN ISLAND,10309",1025.0,1.0,1.0,3100.0
"82nd St,Howard Beach,11414",1050.0,,,
"E 202nd St,Bronx,10458",1050.0,,,
"167th Street Queens #,Fresh Meadows,11366",1050.0,,,
"216 Sneden Ave # B,Staten Island,10312",1050.0,1.0,,425.0
"Young Ave,Bronx,10469",1095.0,,,
"62 Lerer Ln,Staten Island,10307",1100.0,1.0,1.0,2500.0
"122 Giegerich Ave # WALK,Staten Island,10307",1100.0,1.0,1.0,
"64 Serrell Ave # 1,Staten Island,10312",1100.0,1.0,1.0,
"Edgewater St,Staten Island,10305",1100.0,,,
"Newberry Ave,Staten Island,10304",1100.0,,,
"Pheasant Ln,Staten Island,10309",1100.0,1.0,1.0,2906.0
"Cannon Ave,Staten Island,10314",1100.0,1.0,1.0,
"Everett Ave,Staten Island,10309",1100.0,1.0,1.0,3386.0
"219 Bedell Ave,STATEN ISLAND,10307",1100.0,1.0,1.0,2980.0
"80 Brighton St,Staten Island,10307",1100.0,1.0,1.0,3200.0
"138 Eltingville Blvd,Staten Island,10312",1100.0,1.0,1.0,700.0
"830 Howard Ave APT 1G,Staten Island,10301",1100.0,,,
"E 215th St,Bronx,10469",1100.0,,,
"Colden Ave,BRONX,10469",1100.0,,,
"(undisclosed Address),Flushing,11361",1100.0,,,
"185th St,Fresh Meadows,11366",1100.0,,,
"9058 201st St,Hollis,11423",1100.0,1.0,1.0,580.0
"Tiebout Ave,Bronx,10458",1100.0,,,
"189 E Mosholu Pkwy N APT C,Bronx,10467",1100.0,,,
"701 Ralph Ave,Brooklyn,11212",1136.0,1.0,1.0,
"Strang Ave,BRONX,10466",1150.0,,,
"Avenue,Bayside,11361",1150.0,,,
"191st St,FLUSHING,11358",1150.0,,,
"E 14th St,Brooklyn,11229",1150.0,1.0,1.0,
"Wycliff Ln,STATEN ISLAND,10312",1150.0,1.0,1.0,
"Macon Ave,Staten Island,10312",1150.0,1.0,1.0,
"Russek Dr,Staten Island,10312",1150.0,1.0,1.0,625.0
"Darlington Ave,STATEN ISLAND,10312",1150.0,1.0,1.0,700.0
"E 14th St,Brooklyn,11229",1150.0,1.0,1.0,500.0
"500 Mountainview Ave # 2,Staten Island,10314",1150.0,1.0,1.0,500.0
"Darlington Ave,Staten Island,10312",1150.0,1.0,1.0,800.0
"Bay Pkwy,Brooklyn,11204",1150.0,1.0,1.0,
"Avenue P,Brooklyn,11204",1150.0,1.0,1.0,
"Charleston Ave,STATEN ISLAND,10309",1150.0,1.0,1.0,
"26 Wagner St,Staten Island,10305",1175.0,1.0,1.0,950.0
"2150 Hazen St # 1A,East Elmhurst,11370",1175.0,1.0,1.0,
"Darlington Ave,Staten Island,10312",1175.0,1.0,1.0,
"Watson Ave,Bronx,10462",1200.0,,,
"11747 224th St,Jamaica,11411",1200.0,,,
"Anderson Ave,Bronx,10452",1200.0,1.0,1.0,
"2680 Ford St # 1STFLOOR,Brooklyn,11235",1200.0,,,
"38 Beard St FL 1ST,Staten Island,10314",1200.0,1.0,1.0,650.0
"Garibaldi Ave,STATEN ISLAND,10306",1200.0,1.0,1.0,
"Kings Hwy,Brooklyn,11212",1200.0,,,
"Serrell Ave,Staten Island,10312",1200.0,1.0,1.0,
"Darnell Ln,Staten Island,10309",1200.0,1.0,1.0,1900.0
"3100 Quentin Rd # 2,Brooklyn,11234",1200.0,1.0,1.0,
"Powell Ave,Bronx,10462",1200.0,,,
"Bainbridge Ave,Bronx,10467",1200.0,,,
"239 Bay 14th St,Brooklyn,11214",1200.0,,,
"Sheridan Ave,Bronx,10456",1200.0,1.0,1.0,
"Marion Ave,Bronx,10458",1200.0,,,
"89 Ave And 190 St,Hollis,11423",1200.0,1.0,1.0,
"848 E 222nd St APT 3,Bronx,10467",1200.0,,,
"241 Regis Dr # 2ND,Staten Island,10314",1200.0,1.0,1.0,
"4233 Hylan Blvd,Staten Island,10312",1200.0,1.0,1.0,2808.0
"E 14th St,Brooklyn,11235",1200.0,1.0,1.0,600.0
"(undisclosed Address),Staten Island,10308",1200.0,1.0,1.0,1884.0
"Rev James A Polite Ave,Bronx,10459",1200.0,1.0,1.0,
"W 12th Street # 2nd,Brooklyn,11223",1200.0,1.0,1.0,
"78 Bowdoin St FL 1ST,Staten Island,10314",1200.0,1.0,1.0,702.0
"Connecticut St,Staten Island,10307",1200.0,1.0,1.0,550.0
"289 Edgegrove Ave,Staten Island,10312",1200.0,,,
"Hecker St,Staten Island,10307",1200.0,1.0,1.0,
"Buel Ave,Staten Island,10305",1200.0,,,
"Great Kills Rd,Staten Island,10308",1200.0,1.0,1.0,750.0
"Sharrott Ave,Staten Island,10309",1200.0,1.0,1.0,550.0
"87th St,Woodhaven,11421",1200.0,,,
"Rockaway St,Staten Island,10307",1200.0,1.0,1.0,4450.0
"E 14th St,Brooklyn,11229",1200.0,1.0,1.0,600.0
"Elder Ave,Bronx,10472",1200.0,1.0,1.0,
"E 13th St,Brooklyn,11229",1200.0,1.0,1.0,600.0
"84th St,Brooklyn,11214",1200.0,1.0,1.0,
"Essex Dr,Staten Island,10314",1200.0,1.0,1.0,
"Ford St,BROOKLYN,11235",1200.0,,,
"Bay Ridge Pkwy,Brooklyn,11204",1200.0,,,
"Seguine Loop,STATEN ISLAND,10309",1200.0,1.0,1.0,900.0
"Great Kills Rd,Staten Island,10308",1200.0,1.0,1.0,1610.0
"E 14th St,Brooklyn,11229",1200.0,1.0,1.0,6000.0
"Cruger Ave,Bronx,10467",1200.0,,,
"114 Robinson Ave,Staten Island,10312",1200.0,1.0,1.0,1000.0
"Albert Rd,Jamaica,11417",1215.0,,,
"52 Sinclair Ave,Staten Island,10312",1225.0,1.0,1.0,4000.0
"2165 Ryer Ave # 1,Bronx,10457",1225.0,,,
"1744 Clay Ave # 1,Bronx,10457",1225.0,,,
"8851 179th St # 3,Jamaica,11432",1245.0,,,
"1413 Sheridan Ave # 1,Bronx,10456",1250.0,,,
"(undisclosed Address),Bronx,10461",1250.0,,,
"E 169th St,Bronx,10452",1250.0,,,
"Tiebout Ave,Bronx,10458",1250.0,,,
"Morgan Ave,Bronx,10469",1250.0,1.0,1.0,1450.0
"Clay Ave,Bronx,10457",1250.0,,,
"Parker St,Bronx,10462",1250.0,,,
"1455 Sheridan Ave # 1,Bronx,10457",1250.0,,,
"3155 Rochambeau Ave,Bronx,10467",1250.0,,,
"1441 Parker St # 4,Bronx,10462",1250.0,,,
"1560 Sheridan Ave # 1,Bronx,10457",1250.0,,,
"100 Ramona Ave,Staten Island,10312",1250.0,1.0,1.0,1890.0
"217 Mount Eden Pkwy # 4,Bronx,10457",1250.0,,,
"2334 Valentine Ave,Bronx,10458",1250.0,,,
"1856 Clay Ave # 1,Bronx,10457",1250.0,,,
"Valentine Ave,Bronx,10458",1250.0,,,
"E 213th St,Bronx,10467",1250.0,1.0,1.0,
"E 224th St,Bronx,10466",1250.0,,,
"E 211th St,Bronx,10467",1250.0,,,
"2181 Starling Ave,Bronx,10462",1250.0,,,
"El Camino Loop,Staten island,10309",1250.0,1.0,1.0,900.0
"2555 Ryer Ave # 1,Bronx,10458",1250.0,,,
"95th Ave,Jamaica,11416",1250.0,1.0,1.0,
"(undisclosed Address),Brooklyn,11234",1250.0,,,
"Bedford Ave,BROOKLYN,11229",1250.0,,,
"(undisclosed Address),Brooklyn,11235",1250.0,,,
"Midland Rd,Staten Island,10308",1250.0,1.0,1.0,650.0
"Wilbur St,Staten Island,10309",1250.0,1.0,1.0,600.0
"E 64th St,Brooklyn,11234",1250.0,,,
"Rensselaer Ave,STATEN ISLAND,10309",1250.0,1.0,1.0,
"167 Detroit Ave # 1,Staten Island,10312",1250.0,1.0,1.0,700.0
"15323 78th St APT D,Howard Beach,11414",1250.0,,,
"108 Parkinson Ave,Staten Island,10305",1250.0,1.0,1.0,600.0
"Arden Ave,Staten Island,10312",1250.0,1.0,1.0,
"144 Sprague Ave,Staten Island,10307",1250.0,1.0,1.0,3100.0
"1165 E 54th St,Brooklyn,11234",1250.0,,,
"81 Main St,Staten Island,10307",1250.0,,,2000.0
"205 Gower St # 1,Staten Island,10314",1250.0,1.0,1.0,725.0
"585 N Railroad Ave,Staten Island,10304",1250.0,,,
"1036 Rensselaer Ave,Staten Island,10309",1250.0,1.0,1.0,2000.0
"2727 Ocean Pkwy,Brooklyn,11235",1250.0,,,
"E 64th St,BROOKLYN,11234",1250.0,,,
"247 Finlay St,Staten Island,10307",1250.0,,,
"1 Mcbaine Ave,Staten Island,10309",1250.0,1.0,1.0,
"90 Vreeland St,Staten Island,10302",1251.0,,,
"E 226th St,Bronx,10466",1267.0,,,
"2257 University Ave # 1,Bronx,10468",1275.0,,,
"2676 Grand Concourse # 3,Bronx,10458",1275.0,,,
"Grandcouse,Bronx,10452",1275.0,,,
"University Ave,Bronx,10453",1275.0,,,
"E 239th St,Bronx,10470",1275.0,1.0,1.0,
"2 E 213th St # 441,Bronx,10467",1275.0,,,
"E 213th St,Bronx,10467",1275.0,,,
"Valentine Ave,Bronx,10458",1275.0,,,
"15th Ave,Brooklyn,11219",1275.0,,,
"E 213th St,Bronx,10469",1275.0,,,
"Bainbridge Ave,Bronx,10458",1275.0,,,
"305 95th St APT 411,Brooklyn,11209",1275.0,1.0,1.0,550.0
"Valentine Ave,Bronx,10457",1275.0,,,
"2706 Bainbridge Ave # 3D,Bronx,10458",1276.0,,,
"2191 Creston Ave,Bronx,10453",1295.0,,,
"3920 Bronx Blvd,Bronx,10466",1295.0,,,
"Ohm Ave,Bronx,10465",1295.0,,,
"E 226th St,Bronx,10466",1295.0,,,
"(undisclosed Address),Brooklyn,11235",1299.0,1.0,1.0,600.0
"8700 109th St,Richmond Hill,11418",1300.0,1.0,1.0,
"17319 Vaswani Ave,Jamaica,11434",1300.0,,,
"53 Vassar St,STATEN ISLAND,10314",1300.0,1.0,1.0,2324.0
"654 E 34th St # 1B,Brooklyn,11203",1300.0,,,
"148 Sharrotts Rd,Staten Island,10309",1300.0,1.0,1.0,2240.0
"62nd St,Brooklyn,11204",1300.0,1.0,1.0,900.0
"Poplar Ln,Staten Island,10309",1300.0,1.0,1.0,600.0
"147 Bay 32nd St # 1,Brooklyn,11214",1300.0,1.0,1.0,
"146 Bay 32nd St # 1,Brooklyn,11214",1300.0,,,
"Bay 14th St,Brooklyn,11214",1300.0,1.0,1.0,
"1165 E 54th St APT 5Z,Brooklyn,11234",1300.0,,,
"(undisclosed Address),Brooklyn,11235",1300.0,,,
"894 Sinclair Ave,Staten Island,10309",1300.0,1.0,1.0,2228.0
"12056 232nd St,Jamaica,11411",1300.0,1.0,1.0,1024.0
"84th St,Brooklyn,11214",1300.0,1.0,1.0,
"Cropsey Ave,Brooklyn,11214",1300.0,1.0,1.0,
"Shore Blvd,Brooklyn,11235",1300.0,,,
"80th St,Brooklyn,11228",1300.0,1.0,1.0,
"Putnam Ave,Ridgewood,11385",1300.0,,,
"Avenue W,Brooklyn,11223",1300.0,1.0,1.0,
"Poplar Ln,Staten Island,10309",1300.0,1.0,1.0,
"484 Elverton Ave # 1,Staten Island,10308",1300.0,1.0,1.0,
"77th St,Brooklyn,11214",1300.0,1.0,1.0,
"Unionport Rd,Bronx,10462",1300.0,,,
"Walton Ave,Bronx,10468",1300.0,,,
"Buhre Ave,Bronx,10461",1300.0,,,
"2764 Webb Ave,Bronx,10468",1300.0,,,
"10710 Muriel Ct,Ozone Park,11417",1300.0,1.0,1.0,
"1980 Unionport Rd APT D32,Bronx,10462",1300.0,,,
"2758 Holland Ave,Bronx,10467",1300.0,1.0,1.0,
"Cromwell Ave,Bronx,10452",1300.0,,,
"77th Avenue Flushing Ny #,Flushing,11367",1300.0,1.0,1.0,350.0
"Bronx Park E,Bronx,10462",1300.0,,,
"E 213th St,Bronx,10469",1300.0,,,
"(undisclosed Address),Bronx,10465",1300.0,1.0,1.0,
"Van Nest Ave,Bronx,10462",1300.0,,,
"Webb Ave,Bronx,10468",1300.0,,,
"Putnam Pl,Bronx,10467",1300.0,,,
"Holland Ave,Bronx,10467",1300.0,1.0,1.0,
"2510 Frisby Ave,Bronx,10461",1300.0,,,
"2788 Claflin Ave,Bronx,10468",1300.0,,,
"E 213th St,Bronx,10467",1300.0,,,
"White Plains Rd,Bronx,10470",1300.0,,,
"2780 Claflin Ave,Bronx,10468",1300.0,1.0,1.0,
"6 Garibaldi Ave # B,Staten Island,10306",1300.0,1.0,1.0,2690.0
"Great Kills Rd,Staten Island,10308",1300.0,1.0,1.0,650.0
"264 Avenue W,Brooklyn,11223",1300.0,1.0,1.0,3540.0
"19 Manila Pl,Staten Island,10306",1300.0,1.0,1.0,1728.0
"Tryon Ave,Staten Island,10312",1300.0,1.0,1.0,
"32 N Railroad St # 1,Staten Island,10312",1300.0,1.0,1.0,550.0
"Coney Island Ave,Brooklyn,11223",1300.0,,,
"Avenue U,Brooklyn,11223",1300.0,1.0,1.0,700.0
"Benziger Ave,Staten Island,10301",1300.0,1.0,1.0,
"Bay 40th St,BROOKLYN,11214",1300.0,1.0,1.0,
"Roman Ave,Staten Island,10314",1300.0,1.0,,1930.0
"Pompey Ave,Staten Island,10312",1300.0,1.0,1.0,
"Victory Blvd,STATEN ISLAND,10301",1300.0,1.0,1.0,650.0
"Depew Pl,Staten Island,10309",1300.0,1.0,1.0,
"1961 Cropsey Ave,Brooklyn,11214",1300.0,1.0,1.0,
"34 Windsor Ct,Staten Island,10314",1300.0,1.0,1.0,500.0
"26 White Oak Ln # STREET,Staten Island,10309",1300.0,1.0,1.0,
"37 Andrews St,Staten Island,10305",1300.0,1.0,1.0,650.0
"527 Arlene St,STATEN ISLAND,10314",1300.0,1.0,1.0,2338.0
"1161 Willmohr St APT 1,Brooklyn,11212",1300.0,,,
"175th St,Fresh Meadows,11366",1300.0,1.0,1.0,
"354 Albourne Ave,Staten Island,10309",1300.0,1.0,1.0,
"476 Ridgewood Ave # 1,Staten Island,10312",1300.0,1.0,1.0,800.0
"133-10 101 Avenue Richmond Hill Ny # FL 1ST,Queens,11419",1300.0,1.0,1.0,
"223 Bay 14th St,Brooklyn,11214",1300.0,1.0,1.0,
"194 Tompkins Ave,Staten Island,10304",1325.0,,,
"2230 Ryer Ave # 1,Bronx,10457",1325.0,1.0,1.0,
"E 9th St,Brooklyn,11223",1325.0,,,
"2876 Jerome Ave APT 6B,Bronx,10468",1325.0,,,
"2181 Ryer Ave,Bronx,10457",1325.0,1.0,1.0,580.0
"75th Avenue Flushing Ny #,Flushing,11367",1325.0,,,
"Barnes Ave,Bronx,10462",1325.0,,,
"1018 E 163rd St,Bronx,10459",1346.0,1.0,1.0,
"14724 88th Ave # 5A,Jamaica,11435",1350.0,,,
"1522 Eastern Pkwy APT 2D,Brooklyn,11233",1350.0,,,
"49 Nixon Ct # BH2,Brooklyn,11223",1350.0,,,
"35th Ave,Flushing,11354",1350.0,,,
"E 196th St,Bronx,10468",1350.0,,,
"655 E 34th St # 1B,Brooklyn,11203",1350.0,,,
"E 216th St,Bronx,10467",1350.0,1.0,1.0,850.0
"Putnam Pl,Bronx,10467",1350.0,,,
"8614 3rd Ave APT 3,Brooklyn,11209",1350.0,,,
"2713 Webb Ave,Bronx,10468",1350.0,,,
"29 Murdock Ct APT 1F,Brooklyn,11223",1350.0,,,
"235 Quentin Rd,Brooklyn,11223",1350.0,1.0,1.0,
"2108 Ryer Ave # 1,Bronx,10457",1350.0,1.0,1.0,
"3595 Bainbridge Ave,Bronx,10467",1350.0,,,
"Eldert Ln,BROOKLYN,11208",1350.0,1.0,1.0,1022.0
"E 242nd St,Bronx,10470",1350.0,,,
"1166 Cromwell Ave,Bronx,10452",1350.0,,,
"2121 Paulding Ave APT 3B,Bronx,10462",1350.0,,,
"3408 Ely Ave,Bronx,10469",1350.0,1.0,1.0,350.0
"3722 99th St # EE5,Corona,11368",1350.0,,,
"1216 Grand Concourse,Bronx,10456",1350.0,,,
"Tiebout Ave,Bronx,10458",1350.0,1.0,1.0,
"Unionport Rd,Bronx,10462",1350.0,,,
"2362 Davidson Ave,Bronx,10468",1350.0,1.0,1.0,2400.0
"2187 Holland Ave,Bronx,10462",1350.0,1.0,1.0,800.0
"Wallace Ave,Bronx,10467",1350.0,1.0,1.0,
"229th St,Oakland Gardens,11364",1350.0,1.0,1.0,
"Cromwell Ave,Bronx,10452",1350.0,,,
"Putnam Pl,Bronx,10467",1350.0,1.0,1.0,
"14035 Beech Ave APT 6A,Flushing,11355",1350.0,,,
"(undisclosed Address),Bronx,10467",1350.0,,,
"Frisby Ave,Bronx,10461",1350.0,,,
"1777 Grand Concourse APT 5D,Bronx,10453",1350.0,,,
"3081 Decatur Ave APT 1C,Bronx,10467",1350.0,,,
"Waring Ave,Bronx,10467",1350.0,1.0,1.0,680.0
"3214 Fenton Ave,Bronx,10469",1350.0,,,
"91 Vista Ave # 1,Staten Island,10304",1350.0,1.0,1.0,
"Amboy Rd,Staten Island,10306",1350.0,1.0,1.0,800.0
"23 Justin Ave,Staten Island,10306",1350.0,1.0,1.0,700.0
"W 11th St,BROOKLYN,11223",1350.0,1.0,1.0,
"Poillon Ave,Staten Island,10312",1350.0,1.0,1.0,600.0
"Green Valley Rd,STATEN ISLAND,10312",1350.0,1.0,1.0,600.0
"2909 Ocean Ave APT 1G,Brooklyn,11235",1350.0,,,
"13916 233rd St # B,Rosedale,11422",1350.0,1.0,1.0,550.0
"91 Hanover Ave,STATEN ISLAND,10309",1350.0,1.0,1.0,2976.0
"2682 West St # BHG,Brooklyn,11223",1350.0,,,
"106 South Ave # 1,Staten Island,10303",1350.0,1.0,1.0,
"(undisclosed Address),Brooklyn,11223",1350.0,,,
"West St,BROOKLYN,11223",1350.0,1.0,1.0,650.0
"Cropsey Ave,Brooklyn,11214",1350.0,1.0,1.0,440.0
"E 18th St,Brooklyn,11235",1350.0,,,
"Shore Front Pkwy,Rockaway Park,11694",1350.0,,,
"71st St,Glendale,11385",1350.0,,,
"Oliver Pl,Staten Island,10314",1350.0,1.0,1.0,
"Victoria Rd,Staten Island,10312",1350.0,1.0,1.0,
"(undisclosed Address),Brooklyn,11235",1350.0,,,
"Ocean Ave,BROOKLYN,11229",1374.0,1.0,1.0,2356.0
"1247 Leland Ave # 1,Bronx,10472",1375.0,1.0,1.0,
"Foothill Ct,STATEN ISLAND,10309",1375.0,1.0,1.0,650.0
"Grantwood Ave,Staten Island,10312",1375.0,1.0,1.0,
"11th Ave,BROOKLYN,11228",1375.0,1.0,1.0,
"Leverett Ave,Staten Island,10312",1375.0,1.0,1.0,
"657 Leverett Ave,Staten Island,10312",1375.0,1.0,1.0,500.0
"1415 71st St,Brooklyn,11228",1375.0,1.0,1.0,3000.0
"Putnam Pl,Bronx,10467",1375.0,,,
"2612 W 2nd St # ST,Brooklyn,11223",1375.0,,,
"257 Grantwood Ave,Staten Island,10312",1375.0,1.0,1.0,2281.0
"4949 Fresh Meadow Ln,Flushing,11365",1375.0,,,
"1954 Unionport Rd APT 2D,Bronx,10462",1375.0,,,
"6485 Saunders St APT C1,Rego Park,11374",1375.0,,,
"3511 Putnam Pl APT 1F,Bronx,10467",1375.0,,,
"1000 Boynton Ave,Bronx,10472",1375.0,1.0,1.0,2717.0
"Bronxwood Ave,BRONX,10469",1375.0,1.0,1.0,2984.0
"2120 Crotona Ave APT 27,Bronx,10457",1375.0,1.0,1.0,
"667 E 187th St APT 8,Bronx,10458",1395.0,1.0,1.0,
"312 E 239th St # 5V,Bronx,10470",1395.0,1.0,1.0,
"Webster Ave,BRONX,10470",1395.0,1.0,1.0,1200.0
"E 234th St,Bronx,10470",1395.0,1.0,1.0,1200.0
"14306 Barclay Ave APT 5C,Flushing,11355",1395.0,,,
"212 Street Bayside Ny,Bayside,11361",1395.0,,,
"42 Avenue Bayside Ny,Bayside,11361",1395.0,,,
"210th St,Bayside,11361",1395.0,,,
"Erika Loop,STATEN ISLAND,10312",1395.0,1.0,1.0,750.0
"Erika Loop,Staten Island,10312",1395.0,1.0,1.0,750.0
"687 86th St # 5,Brooklyn,11228",1395.0,,,
"14719 20th Rd,Flushing,11357",1399.0,1.0,1.0,1800.0
"1844 W 11th St,BROOKLYN,11223",1399.0,1.0,1.0,500.0
"86th St,BROOKLYN,11228",1399.0,1.0,1.0,
"Hart Blvd,STATEN ISLAND,10301",1400.0,1.0,1.0,688.0
"9 Cebra Ave FL 2ND,Staten Island,10301",1400.0,1.0,1.0,
"3033 Voorhies Ave,Brooklyn,11235",1400.0,1.0,15.0,1280.0
"25 Hank Pl,STATEN ISLAND,10309",1400.0,1.0,15.0,2050.0
"342 90th St # 21,Brooklyn,11209",1400.0,,,
"5104 Skillman Ave APT A2,Woodside,11377",1400.0,,,
"2136 E 72nd St,Brooklyn,11234",1400.0,1.0,1.0,
"Crispi Ln,STATEN ISLAND,10308",1400.0,1.0,1.0,2290.0
"Exeter St,Staten Island,10308",1400.0,1.0,1.0,
"266 Avenue W APT 2F,Brooklyn,11223",1400.0,1.0,1.0,
"201 Brighton 1st Rd APT 2L,Brooklyn,11235",1400.0,,,
"Bay 35th St,Brooklyn,11214",1400.0,1.0,1.0,1000.0
"215 Hart Blvd # 3,Staten Island,10301",1400.0,1.0,1.0,
"Beach 120th St,Rockaway Park,11694",1400.0,1.0,1.0,
"254 Quentin Rd,Brooklyn,11223",1400.0,,,
"91 Van Cortlandt Ave W APT 1A,Bronx,10463",1400.0,,,
"977 Sheldon Ave,Staten Island,10309",1400.0,1.0,1.0,500.0
"3110 Brighton 3rd St,Brooklyn,11235",1400.0,1.0,1.0,1000.0
"1922 85th St APT B1,Brooklyn,11214",1400.0,1.0,1.0,
"2538 Coney Island Ave # 3,Brooklyn,11223",1400.0,1.0,1.0,650.0
"1651 Williamsbridge Rd # 23,Bronx,10461",1400.0,1.0,1.0,
"1077 Bay Ridge Pkwy # 1,Brooklyn,11228",1400.0,1.0,1.0,550.0
"Bayview Ave,STATEN ISLAND,10309",1400.0,1.0,1.0,1562.0
"80th St,Brooklyn,11228",1400.0,1.0,1.0,
"353 Autumn Ave,BROOKLYN,11208",1400.0,1.0,1.0,1102.0
"148th St,Jamaica,11435",1400.0,1.0,,
"42nd St,Brooklyn,11219",1400.0,1.0,1.0,
"1213 Avenue Z,Brooklyn,11235",1400.0,,,
"101st Ave,Jamaica,11416",1400.0,1.0,1.0,2008.0
"1740 Adams St APT 1,Bronx,10460",1450.0,1.0,1.0,700.0
"10613 109th Ave FL 2ND,Ozone Park,11417",1450.0,1.0,1.0,
"1519 74th St # 1,Brooklyn,11228",1450.0,1.0,1.0,2650.0
"2556 37th St # 1L,Astoria,11103",1450.0,,,
"4156 54th St APT 4,Woodside,11377",1475.0,1.0,1.0,650.0
"617 E 232nd St,Bronx,10466",1495.0,1.0,1.0,
"1867 W 5th St APT 1F,Brooklyn,11223",1500.0,1.0,1.0,775.0
"8726 107th Ave FL 2ND,Ozone Park,11417",1500.0,1.0,1.0,
"Bogart Ave,Bronx,10462",1500.0,1.0,1.0,
"5 Adler Pl FL 2ND,Brooklyn,11208",1500.0,1.0,1.0,
"6784 13th Ave,Brooklyn,11219",1500.0,1.0,1.0,
"1514 Unionport Rd,Bronx,10462",1509.0,1.0,1.0,613.0
"Rosewood St,Bronx,10467",1550.0,1.0,1.0,504.0
"W 190th St,Bronx,10468",1550.0,1.0,1.0,
"3284 45th St # B16,Astoria,11103",1550.0,,,
"Bronx Park E,Bronx,10462",1575.0,1.0,1.0,
"Maple Ave,Flushing,11355",1595.0,,,
"259 W 121st St APT 1B,New York,10027",1599.0,,,
"Neill Ave,Bronx,10462",1600.0,2.0,1.0,900.0
"13317 Boss St # 1,Ozone Park,11417",1600.0,1.0,1.0,700.0
"189 Norman Ave APT 7A,Brooklyn,11222",1600.0,,,
"251 Bedford Park Blvd,Bronx,10458",1600.0,1.0,1.0,2900.0
"Coyle St,Brooklyn,11235",1650.0,1.0,1.0,745.0
"1537 Bergen St # 1,Brooklyn,11213",1650.0,1.0,1.0,650.0
"184 E Fordham Rd,Bronx,10468",1695.0,1.0,1.0,
"3432 91st St APT F32,Jackson Heights,11372",1700.0,1.0,1.0,
"2356 33rd St # 1,Astoria,11105",1700.0,1.0,1.0,
"195 Underhill Ave # 3,Brooklyn,11238",1700.0,,,
"Bay Pkwy,Brooklyn,11214",1700.0,2.0,1.0,
"Bay Ridge Pkwy,Brooklyn,11228",1700.0,1.0,1.0,800.0
"21 Dongan Ave,Staten Island,10314",1700.0,2.0,1.0,1776.0
"1803 78th St # 3,Brooklyn,11214",1700.0,2.0,1.0,700.0
"8455 Daniels St APT 2L,Jamaica,11435",1750.0,1.0,1.0,700.0
"364 E 160th St # 2,Bronx,10451",1750.0,1.0,1.0,
"102 W 134th St APT 4C,New York,10030",1750.0,1.0,1.0,600.0
"4850 37th St APT 1G,Long Island City,11101",1775.0,,,
"3421 77th St APT 328,Jackson Heights,11372",1775.0,1.0,1.0,700.0
"4330 48th St APT D7,Sunnyside,11104",1795.0,,,
"2277 Andrews Ave APT 6C,Bronx,10468",1795.0,2.0,1.0,1237.0
"Fairview Ave,Ridgewood,11385",1800.0,1.0,1.0,
"360 Manor Rd FL 1ST,Staten Island,10314",1800.0,2.0,1.0,
"25418 73rd Rd FL 1ST,Glen Oaks,11004",1800.0,2.0,1.0,607.0
"W 13th St,Brooklyn,11223",1800.0,2.0,1.0,800.0
"433 85th St # 2,Brooklyn,11209",1800.0,2.0,1.0,
"78th Rd,Flushing,11367",1800.0,2.0,1.0,
"1604 Kennellworth Pl # 1,Bronx,10465",1800.0,1.0,1.0,
"660 Warwick St APT 1R,Brooklyn,11207",1800.0,2.0,1.0,
"85th Rd,Woodhaven,11421",1800.0,2.0,1.0,
"75th Ave,Flushing,11367",1825.0,1.0,1.0,700.0
"Grand Concourse,Bronx,10458",1825.0,2.0,1.0,580.0
"316 E 89th St # 3BACK,New York,10128",1850.0,1.0,1.0,
"552 W 146th St APT 2,New York,10031",1850.0,2.0,1.0,
"Avenue X,Brooklyn,11235",1850.0,1.0,1.0,700.0
"2264 38th St # 2,Astoria,11105",1850.0,2.0,1.0,
"640 4th Ave # 3,Brooklyn,11232",1850.0,2.0,1.0,
"Beck St,Bronx,10455",1850.0,2.0,1.0,
"Avenue P,Brooklyn,11223",1850.0,2.0,1.0,
"Glenmore Ave,Brooklyn,11208",1850.0,2.0,1.0,
"508 W 112th St APT 5B1,New York,10025",1875.0,,,
"8 W 119th St APT 14,New York,10026",1895.0,1.0,1.0,11180.0
"3245 Bainbridge Ave,Bronx,10467",1895.0,2.0,1.0,
"371 E 153rd St,Bronx,10455",1899.0,2.0,1.0,2112.0
"10820 49th Ave FL 2,Corona,11368",1900.0,2.0,1.0,880.0
"2135 Tiebout Ave,Bronx,10457",1900.0,2.0,1.0,1384.0
"17041 118th Ave,Jamaica,11434",1900.0,2.0,1.0,1488.0
"University Ave,Bronx,10468",1900.0,3.0,1.0,
"1327 Hancock St APT 2A,Brooklyn,11237",1900.0,1.0,1.0,
"1822 Nostrand Ave # A3L,Brooklyn,11226",1900.0,2.0,1.0,
"Ferndale Ave,Jamaica,11435",1900.0,2.0,1.0,
"339 Bradford St # 1,Brooklyn,11207",1900.0,1.0,1.0,800.0
"728A Rogers Ave APT 4A,Brooklyn,11226",1900.0,1.0,1.0,
"4437 64th St # 2F,Woodside,11377",1900.0,2.0,1.0,
"423 Amsterdam Ave APT 3C,New York,10024",1900.0,,,
"536 E 79th St APT 4B,New York,10075",1950.0,,,
"11146 76th Dr APT 2C,Forest Hills,11375",1950.0,1.0,1.0,925.0
"267 17th St # 3A,Brooklyn,11215",1950.0,1.0,1.0,
"3530 81st St # 3,Jackson Heights,11372",1950.0,1.0,1.0,875.0
"116 Elizabeth St # 5E,New York,10013",1985.0,1.0,1.0,
"733 Arnow Ave,Bronx,10467",1999.0,3.0,1.0,
"Lowe Ct,Jamaica,11435",1999.0,1.0,1.0,
"296 New Lots Ave # 2R,Brooklyn,11207",1999.0,2.0,1.0,
"7818 3rd Ave # 3,Brooklyn,11209",2000.0,2.0,1.0,
"217 E 22nd St APT 28,New York,10010",2000.0,,,
"15 Jefferson Ave # 1,Brooklyn,11238",2000.0,1.0,1.0,1500.0
"147 Lexington Ave # 1F,Brooklyn,11216",2000.0,2.0,1.0,
"Shore Pkwy,Brooklyn,11214",2000.0,2.0,1.0,
"1359 Prospect Pl # 1,Brooklyn,11213",2000.0,2.0,1.0,
"2326 29th Ave # 1,Astoria,11102",2000.0,2.0,1.0,625.0
"106 Steuben St APT 3R,Brooklyn,11205",2000.0,1.0,1.0,700.0
"11th Ave,Brooklyn,11219",2000.0,2.0,1.0,
"1204 E 222nd St,Bronx,10469",2000.0,3.0,1.0,1450.0
"15004 114th Pl,South Ozone Park,11420",2000.0,2.0,1.0,2000.0
"87th Rd,Jamaica,11435",2000.0,2.0,1.0,
"319 E 5th St APT 20,New York,10003",2050.0,,,
"1482 York Ave APT 5B,New York,10075",2050.0,,,
"Hillside Ave,Jamaica,11432",2099.0,1.0,1.0,
"4124 Carpenter Ave,Bronx,10466",2100.0,2.0,1.0,
"4535 48th St APT 3G,Woodside,11377",2100.0,2.0,1.0,
"60 4th Ave # 1,Brooklyn,11217",2100.0,2.0,1.0,
"2518 E 197th St,Bronx,10458",2100.0,2.0,1.0,
"Banner Ave,Brooklyn,11235",2100.0,2.0,1.0,
"380 Flagg Pl # 2,Staten Island,10304",2100.0,2.0,2.0,1600.0
"30 Columbia Brooklyn,Brooklyn,11202",2100.0,1.0,1.0,
"253 E 78th St APT 2,New York,10075",2100.0,1.0,1.0,
"Crocheron Ave,Flushing,11358",2100.0,2.0,1.0,
"821 Greene Ave # 1,Brooklyn,11221",2100.0,1.0,1.0,
"3242 55th St # 1A,Woodside,11377",2100.0,2.0,1.0,
"1567 Noble Ave,Bronx,10460",2100.0,2.0,1.0,
"Essex St,Brooklyn,11208",2125.0,3.0,1.0,
"533 W 49th St APT 5RE,New York,10019",2125.0,,,
"104 E 116th St # D2,New York,10029",2145.0,1.0,1.0,
"15 Kathy Pl APT 3A,Staten Island,10314",2150.0,3.0,15.0,1077.0
"320 E 50th St APT 4F,New York,10022",2150.0,,,
"1355 2nd Ave # 3AA,New York,10021",2150.0,,,
"2382 Dean St # 6AA,Brooklyn,11233",2150.0,3.0,1.0,
"29 Orchard St # 5,New York,10002",2150.0,1.0,1.0,
"136 Central Ave,Staten Island,10301",2150.0,1.0,1.0,
"7737 Parsons Blvd,Flushing,11366",2150.0,2.0,1.0,2820.0
"Avenue X,Brooklyn,11223",2175.0,2.0,15.0,930.0
"203 Chrystie St APT 3D,New York,10002",2199.0,,,
"6805 Myrtle Ave,Glendale,11385",2200.0,2.0,2.0,4445.0
"10147 121st St,Jamaica,11419",2200.0,3.0,1.0,2178.0
"3192 21st St # 1B,Astoria,11106",2200.0,2.0,1.0,
"14939 116th St,Jamaica,11420",2200.0,2.0,1.0,5000.0
"5422 4th Ave APT 4C,Brooklyn,11220",2200.0,2.0,1.0,
"22 E 91st St,BROOKLYN,11212",2200.0,2.0,1.0,1152.0
"9504 Farragut Road # First Floor,Brooklyn,11236",2200.0,3.0,15.0,
"151 E 90th St APT 1F,New York,10128",2200.0,,,
"70 4th Pl APT 1D,Brooklyn,11231",2200.0,,,
"8450 Austin St # 5,Kew Gardens,11415",2250.0,2.0,1.0,900.0
"230 E 80th St # 3,New York,10075",2250.0,1.0,1.0,
"127 E 102nd St APT 23,New York,10029",2275.0,2.0,1.0,891.0
"1452 Myrtle Ave # 2A,Brooklyn,11237",2275.0,3.0,1.0,
"56 E 7th St # 34,New York,10003",2295.0,1.0,1.0,525.0
"3064 Brighton 14th St # 3FF,Brooklyn,11235",2300.0,2.0,1.0,
"9026 95th Ave # 3,Ozone Park,11416",2300.0,3.0,2.0,1050.0
"7448 Cypress Hills St,Glendale,11385",2300.0,2.0,1.0,1640.0
"932 E 169th St,Bronx,10459",2300.0,3.0,1.0,
"1956 74th St,Brooklyn,11204",2300.0,4.0,1.0,2149.0
"30 Ashton Dr,Staten Island,10312",2300.0,3.0,1.0,1924.0
"8914 150th St APT 9A,Jamaica,11435",2300.0,2.0,2.0,774.0
"Mac Donough Pl,Bronx,10465",2300.0,3.0,2.0,
"1514 Mac Donough Pl # 2B,Bronx,10465",2300.0,3.0,2.0,
"7215 66th Pl FL 2ND,Ridgewood,11385",2300.0,2.0,1.0,
"506 Washington Ave APT 202C,Brooklyn,11238",2343.0,1.0,1.0,675.0
"35 De Sales Pl APT 2,Brooklyn,11207",2350.0,3.0,1.0,1000.0
"370 95th St # 2,Brooklyn,11209",2350.0,4.0,2.0,1100.0
"991 Willoughby Ave APT 2D,Brooklyn,11221",2350.0,1.0,1.0,600.0
"14725 34th Ave # 2,Flushing,11354",2350.0,2.0,1.0,1100.0
"1409 80th St,Brooklyn,11228",2350.0,3.0,15.0,2148.0
"47 Jane St APT 8,New York,10014",2350.0,,,
"Rockaway Pkwy,Brooklyn,11212",2350.0,3.0,1.0,1920.0
"311 Troutman St APT 4R,Brooklyn,11237",2382.0,2.0,1.0,650.0
"142 Grove St # 3RL,Brooklyn,11221",2383.0,2.0,1.0,
"166 Bleecker St # 2BL,Brooklyn,11221",2383.0,2.0,1.0,
"223 Weirfield St # AA3,Brooklyn,11221",2395.0,2.0,1.0,
"772 Saint Nicholas Ave APT 56,New York,10031",2395.0,2.0,1.0,
"E 91st St,Brooklyn,11236",2400.0,3.0,1.0,
"263 E 10th St APT 6,New York,10009",2400.0,1.0,1.0,
"135 Grand St # 4,Brooklyn,11249",2400.0,,,
"1477 E 85th Street # Second Floor,Brooklyn,11236",2400.0,3.0,15.0,
"8519 91st Ave # 2FL,Woodhaven,11421",2400.0,3.0,1.0,1150.0
"87 1st Ave # 3,New York,10003",2400.0,1.0,1.0,650.0
"453 E 91st St,BROOKLYN,11212",2400.0,3.0,,1200.0
"E 96th St,Brooklyn,11212",2400.0,3.0,1.0,
"14808 Sutter Ave # 2,Jamaica,11436",2400.0,3.0,1.0,
"Walton Ave,Bronx,10452",2400.0,3.0,2.0,
"1763 W 1st St # 1,Brooklyn,11223",2450.0,3.0,1.0,1400.0
"1966 1st Ave APT 2B,New York,10029",2450.0,1.0,1.0,610.0
"79th St,Brooklyn,11228",2495.0,3.0,1.0,1200.0
"922 79th St FL 1ST,Brooklyn,11228",2495.0,3.0,1.0,1200.0
"228 8th Ave APT 11,New York,10011",2495.0,1.0,1.0,
"25 W 120th St # 3A,New York,10027",2495.0,2.0,1.0,
"1151 Lincoln Pl # 1A,Brooklyn,11213",2499.0,2.0,1.0,
"119 Jewel St APT 1R,Brooklyn,11222",2500.0,2.0,1.0,950.0
"83rd St,Jamaica,11414",2500.0,3.0,2.0,2400.0
"1586 208th St FL 2ND,Bayside,11360",2500.0,3.0,2.0,1188.0
"122 161st Pl # 1,Jamaica,11434",2500.0,3.0,15.0,
"389 Greeley Ave,Staten Island,10306",2500.0,3.0,2.0,1760.0
"1435 E 102nd Street # Second Floor,Brooklyn,11236",2500.0,3.0,15.0,
"732 Wilcox Ave FL 2ND,Bronx,10465",2500.0,3.0,1.0,
"8426 168th Pl # 3,Jamaica,11432",2500.0,3.0,2.0,1100.0
"2916 Newtown Ave APT 2R,Astoria,11102",2500.0,1.0,1.0,
"32 W 86th St APT 2B,New York,10024",2500.0,,,
"150 Degraw St APT 3F,Brooklyn,11231",2500.0,2.0,1.0,700.0
"952 E 84th St,BROOKLYN,11236",2500.0,3.0,2.0,3420.0
"806 President St APT 4F,Brooklyn,11215",2550.0,1.0,1.0,
"258 E 78th St APT 1D,New York,10075",2550.0,1.0,1.0,
"527 E 78th St APT 6B,New York,10075",2550.0,,,
"Caney Rd,Rosedale,11422",2575.0,3.0,2.0,1200.0
"113 Jewel St # 1L,Brooklyn,11222",2595.0,2.0,1.0,800.0
"24 W 68th St APT 4F,New York,10023",2595.0,1.0,1.0,
"94 Harman St APT 3,Brooklyn,11221",2599.0,3.0,1.0,1000.0
"630 Rugby Rd # 21,Brooklyn,11230",2600.0,2.0,1.0,950.0
"8719 81st Ave FL 2,Glendale,11385",2600.0,3.0,15.0,1200.0
"2247 A C P Jr Blvd APT 3BC,New York,10027",2609.0,3.0,2.0,
"199 Malcolm X Blvd # 2A,Brooklyn,11221",2630.0,3.0,1.0,
"4690 Amboy Rd,Staten Island,10312",2650.0,3.0,15.0,1400.0
"2166 31st St # 1,Astoria,11105",2650.0,2.0,1.0,950.0
"235 W 103rd St # 6,New York,10025",2650.0,2.0,1.0,
"201 Sullivan St APT 1B,New York,10012",2675.0,,,
"358 Prospect Pl # 2,Brooklyn,11238",2675.0,2.0,15.0,
"204 Saint Nicholas Ave APT 3S,New York,10027",2695.0,2.0,1.0,
"94 Lewis Ave # E2L,Brooklyn,11206",2699.0,3.0,15.0,
"6536 99th St APT 5N,Rego Park,11374",2700.0,2.0,2.0,1100.0
"E 14th St,Brooklyn,11229",2700.0,3.0,25.0,1600.0
"15 Cedar St # 5A,Brooklyn,11221",2700.0,2.0,1.0,
"153 President St # GARDEN,Brooklyn,11231",2700.0,1.0,1.0,
"20 Ackerman St # 1,Staten Island,10308",2700.0,3.0,2.0,1825.0
"5623 Mosholu Ave # 2,Bronx,10471",2700.0,3.0,1.0,
"Adee Ave,Bronx,10469",2700.0,5.0,2.0,
"1095 Lorimer St APT 2F,Brooklyn,11222",2750.0,2.0,1.0,
"361 Euclid Ave # 2A,Brooklyn,11208",2750.0,3.0,1.0,
"7532 113th St # 2,Forest Hills,11375",2750.0,3.0,2.0,1200.0
"314 Evergreen Ave # I4B,Brooklyn,11221",2795.0,3.0,1.0,
"8148 258th St,Queens,11004",2800.0,3.0,1.0,4000.0
"224th St,Jamaica,11413",2800.0,3.0,1.0,
"671 Union St # 2B,Brooklyn,11215",2850.0,2.0,1.0,
"42 Saint Marks Pl APT 1,New York,10003",2850.0,1.0,1.0,557.0
"20 Crooke Ave APT 6H,Brooklyn,11226",2900.0,3.0,1.0,
"694 Metropolitan Ave APT 307,Brooklyn,11211",2900.0,2.0,1.0,850.0
"439 Putnam Ave # 2,Brooklyn,11221",2900.0,2.0,2.0,800.0
"203 W 85th St APT 22,New York,10024",2900.0,2.0,1.0,
"262 Driggs Ave # 2A,Brooklyn,11222",2950.0,2.0,1.0,
"7508 62nd St # 2,Glendale,11385",2995.0,4.0,15.0,
"185 E 85th St APT 20N,New York,10028",3000.0,,,
"44 Hillcrest St,Staten Island,10308",3000.0,3.0,35.0,2000.0
"16528 144th Dr,Jamaica,11434",3000.0,3.0,1.0,1150.0
"211 E 51st St APT 2D,New York,10022",3000.0,1.0,1.0,
"2235 38th St # 3F,Astoria,11105",3000.0,3.0,1.0,
"405 W 23rd St APT 3C,New York,10011",3000.0,,,
"339 Adelphi St # 1,Brooklyn,11238",3000.0,1.0,1.0,
"2320 29th St # 4,Astoria,11105",3000.0,3.0,15.0,950.0
"149th Dr,Jamaica,11422",3000.0,3.0,2.0,1500.0
"167 Graham Ave # 502,Brooklyn,11206",3000.0,2.0,1.0,
"505 W 57th St # 3A1,New York,10019",3000.0,2.0,1.0,1100.0
"781 Knickerbocker Ave # 207,Brooklyn,11207",3000.0,2.0,2.0,
"236 N 11th St # 1A,Brooklyn,11211",3025.0,1.0,15.0,800.0
"343 W 47th St APT 2E,New York,10036",3095.0,2.0,1.0,1000.0
"2805 Astoria Blvd # 3H,Astoria,11102",3095.0,1.0,1.0,675.0
"693 Union St APT 1R,Brooklyn,11215",3100.0,1.0,1.0,
"620 Lenox Ave APT 12E,New York,10037",3100.0,3.0,2.0,
"101 Prospect Park W APT 2A,Brooklyn,11215",3100.0,1.0,1.0,
"16 Fiske Pl # GARDEN,Brooklyn,11215",3100.0,1.0,1.0,800.0
"4 W 104th St # 2F,New York,10025",3150.0,2.0,1.0,
"224 8th Ave APT 19A,New York,10011",3200.0,2.0,1.0,
"420 Vanderbilt Ave APT 2,Brooklyn,11238",3200.0,1.0,1.0,
"252 E 3rd St # 4A,New York,10009",3200.0,2.0,1.0,
"66 Madison Ave APT 11-B,New York,10016",3200.0,1.0,1.0,140000.0
"54 Lott St # 1,Brooklyn,11226",3200.0,3.0,3.0,
"59 Greenpoint Ave # 205,Brooklyn,11222",3250.0,2.0,1.0,
"310 W 49th St # 1DD,New York,10019",3254.0,2.0,15.0,
"211 E 33rd St APT 43,New York,10016",3277.0,2.0,1.0,
"439 W 43rd St # 4B,New York,10036",3295.0,2.0,1.0,
"15900 Riverside Dr W APT 7K70,New York,10032",3295.0,2.0,1.0,
"271 W 125th St APT 205,New York,10027",3324.0,2.0,1.0,
"171-173 Court St # 3R,Brooklyn,11201",3395.0,2.0,1.0,
"225 Greenwood Ave # 2,Brooklyn,11218",3400.0,3.0,2.0,1000.0
"97 Grand Ave # 1R,Brooklyn,11205",3497.0,2.0,1.0,
"243 E 58th St # 15C,New York,10022",3500.0,1.0,1.0,
"2017 48th St # 1,Astoria,11105",3500.0,3.0,2.0,
"8252 164th Pl,Jamaica,11432",3500.0,3.0,2.0,898.0
"322 W 11th St APT 12,New York,10014",3575.0,2.0,1.0,
"Myrtle Ave,Ridgewood,11385",3600.0,4.0,2.0,1250.0
"5630 215th St,Bayside Hills,11364",3600.0,3.0,15.0,1296.0
"43 Cumberland St # 1B,Brooklyn,11205",3600.0,4.0,15.0,
"29 Beaver St APT 3R,Brooklyn,11206",3600.0,4.0,2.0,
"76 Carmine St # 3,New York,10014",3600.0,1.0,1.0,
"1311 Jackson Ave APT 10B,Long Island City,11101",3650.0,1.0,1.0,833.0
"342 W 21st St APT 3E,New York,10011",3695.0,1.0,1.0,600.0
"105 W 130th St APT 1,New York,10027",3700.0,2.0,2.0,
"435 E 75th St APT 6,New York,10021",3750.0,2.0,15.0,
"643 Saint Johns Pl # 1,Brooklyn,11216",3850.0,2.0,15.0,1250.0
"12 E 86th St APT 623,New York,10028",3925.0,1.0,1.0,
"201 E 12th St APT 217,New York,10003",3995.0,1.0,1.0,
"49 Montrose Ave # 5CYX,Brooklyn,11206",3999.0,3.0,1.0,
"58 E 3rd St APT 15,New York,10003",4000.0,2.0,1.0,
"207 W 18th St # 6,New York,10011",4095.0,2.0,1.0,
"3019 37th St,Long Island City,11103",4200.0,3.0,1.0,1395.0
"213 Starr St # I2R,Brooklyn,11237",4299.0,4.0,2.0,
"68 Bank St APT 3F,New York,10014",4350.0,1.0,1.0,500.0
"181 Scholes St # 9AA,Brooklyn,11206",4499.0,3.0,2.0,
"57 7th Ave # 3FR,Brooklyn,11217",4500.0,2.0,1.0,
"115 W 57th St FRNT 1,New York,10019",4500.0,3.0,15.0,
"222 Riverside Dr # 14E,New York,10025",4500.0,1.0,1.0,965.0
"340 E 70th St APT 2S,New York,10021",4500.0,3.0,1.0,
"107 W 68th St APT 3A,New York,10023",4500.0,3.0,1.0,900.0
"131 Avenue A APT 29,New York,10009",4500.0,3.0,1.0,
"124 Ridge St # 2,New York,10002",4519.0,2.0,1.0,
"645 E 11th St # 2,New York,10009",4550.0,3.0,15.0,
"1536 Sheepshead Bay Rd # 23C,Brooklyn,11235",4700.0,2.0,2.0,1183.0
"301 E 49th St APT 4AB,New York,10017",4700.0,3.0,2.0,1200.0
"246 E 5th St # 3,New York,10003",4750.0,3.0,1.0,
"147 E 116th St APT 1,New York,10029",4795.0,4.0,2.0,
"1418 Astoria Park S,Queens,11102",4800.0,3.0,2.0,1264.0
"519 Borden Ave APT 2A,Long Island City,11101",4850.0,2.0,2.0,1234.0
"322 W 11th St APT 16A,New York,10014",4899.0,3.0,1.0,
"20 W 8th St # 3,New York,10011",5000.0,2.0,1.0,
"109 Washington St APT 11B,New York,10006",5200.0,3.0,2.0,1300.0
"116 E 7th St # 2W,New York,10009",6400.0,4.0,25.0,
"230 Central Park S # 9F,New York,10019",7000.0,1.0,1.0,850.0
"40 E 61st St APT 8C,New York,10065",9200.0,2.0,2.0,1600.0
"510 Broadway APT 2,New York,10012",10500.0,,,
"28 Greene St APT 4E,New York,10013",12750.0,3.0,2.0,1880.0
"15 Hubert St APT 4A,New York,10013",16500.0,2.0,25.0,2504.0
"10 Madison Sq W APT 2G,New York,10010",19900.0,3.0,35.0,2365.0
"126th St,Flushing,11356",,2.0,1.0,
