title,address,city,state,postal_code,price,facts and features,real estate provider,url
Apartment for rent,E 24th St,Brooklyn,NY,11235,Contact Landlord,"1 bd , 1 ba , 700 sqft",,https://www.zillow.com/homedetails/E-24th-St-Brooklyn-NY-11235/2085931746_zpid/
Apartment for rent,Main St,Staten Island,NY,10307,$400/mo,"Studio , 1 ba , 1,775 sqft",,https://www.zillow.com/homedetails/Main-St-Staten-Island-NY-10307/2088886871_zpid/
Apartment for rent,118th St,Jamaica,NY,11418,$600/mo,"Studio , 1 ba , -- sqft",,https://www.zillow.com/homedetails/118th-St-Jamaica-NY-11418/2085688792_zpid/
Apartment for rent,110 Astoria Blvd,East Elmhurst,NY,11369,$640/mo,"1 bd , 1 ba , -- sqft",,https://www.zillow.com/homedetails/110-Astoria-Blvd-East-Elmhurst-NY-11369/2094384211_zpid/
Apartment for rent,10431 110th St # 2B,South Richmond Hill,NY,11419,$700/mo,"1 bd , 1 ba , -- sqft",,https://www.zillow.com/homedetails/10431-110th-St-2B-South-Richmond-Hill-NY-11419/2085476795_zpid/
Apartment for rent,954 E 95th St # 2,Brooklyn,NY,11236,$725/mo,"8 bds , 1 ba , -- sqft",,https://www.zillow.com/homedetails/954-E-95th-St-2-Brooklyn-NY-11236/2085319521_zpid/
House for rent,24615 137th Ave,Jamaica,NY,11422,$750/mo,"Studio , 1 ba , 2,300 sqft",,https://www.zillow.com/homedetails/24615-137th-Ave-Jamaica-NY-11422/32206445_zpid/
Apartment for rent,Oldfield St,Staten Island,NY,10306,$800/mo,"Studio , 1 ba , 700 sqft",,https://www.zillow.com/homedetails/Oldfield-St-Staten-Island-NY-10306/2092724744_zpid/
House for rent,45 Broad St,Staten Island,NY,10304,$850/mo,"Studio , -- ba , -- sqft",,https://www.zillow.com/homedetails/45-Broad-St-Staten-Island-NY-10304/2085431963_zpid/
Apartment for rent,(undisclosed Address),Staten Island,NY,10312,$850/mo,"Studio , 1 ba , 3,180 sqft",,https://www.zillow.com/homedetails/(undisclosed-Address)-Staten-Island-NY-10312/2124249026_zpid/
Apartment for rent,20th Ave,Brooklyn,NY,11214,$850/mo,"Studio , -- ba , 800 sqft",,https://www.zillow.com/homedetails/20th-Ave-Brooklyn-NY-11214/2103269678_zpid/
Apartment for rent,82 Shale St # 1,Staten Island,NY,10314,$900/mo,"1 bd , 1 ba , 600 sqft",,https://www.zillow.com/homedetails/82-Shale-St-1-Staten-Island-NY-10314/2085339011_zpid/
Apartment for rent,606 Delafield Ave,STATEN ISLAND,NY,10310,$900/mo,"Studio , 1 ba , 250 sqft",,https://www.zillow.com/homedetails/606-Delafield-Ave-Staten-Island-NY-10310/68321649_zpid/
Apartment for rent,Sinclair Ave,Staten Island,NY,10312,$900/mo,"1 bd , 1 ba , 350 sqft",,https://www.zillow.com/homedetails/Sinclair-Ave-Staten-Island-NY-10312/2085960924_zpid/
Apartment for rent,(undisclosed Address),Staten Island,NY,10309,$900/mo,"Studio , 1 ba , 3,560 sqft",,https://www.zillow.com/homedetails/(undisclosed-Address)-Staten-Island-NY-10309/2126996068_zpid/
Apartment for rent,78th St,Brooklyn,NY,11228,$900/mo,"1 bd , 1 ba , 1,600 sqft",,https://www.zillow.com/homedetails/78th-St-Brooklyn-NY-11228/2085482878_zpid/
Apartment for rent,Seguine Ave,Staten Island,NY,10309,$900/mo,"Studio , 1 ba , 430 sqft",,https://www.zillow.com/homedetails/Seguine-Ave-Staten-Island-NY-10309/2085792756_zpid/
Apartment for rent,El Camino Loop,Staten Island,NY,10309,$900/mo,"Studio , 1 ba , -- sqft",,https://www.zillow.com/homedetails/El-Camino-Loop-Staten-Island-NY-10309/2100274329_zpid/
For Rent,,,,,,"0 $1,245+ 1 $900+ 2 $2,300+ 3 $2,200+",,"https://www.zillow.com/b/166-2-Highland-Ave-Queens-NY/40.7147,-73.793_ll/"
Apartment for rent,Twombly Ave,STATEN ISLAND,NY,10306,$925/mo,"Studio , 1 ba , -- sqft",,https://www.zillow.com/homedetails/Twombly-Ave-Staten-Island-NY-10306/2085497552_zpid/
For Rent,,,,,,"0 $950 3 $2,650",,"https://www.zillow.com/b/122-Moreland-St-Staten-Island-NY/40.576081,-74.095159_ll/"
Apartment for rent,109th Rd,Saint Albans,NY,11412,$950/mo,"1 bd , 1 ba , -- sqft",,https://www.zillow.com/homedetails/109th-Rd-Saint-Albans-NY-11412/2085868989_zpid/
Apartment for rent,213th St,Bayside Hills,NY,11364,$950/mo,"Studio , 1 ba , 200 sqft",,https://www.zillow.com/homedetails/213th-St-Bayside-Hills-NY-11364/2087690047_zpid/
House for rent,338 Van Duzer St,STATEN ISLAND,NY,10304,$975/mo,"Studio , 1 ba , 325 sqft",,https://www.zillow.com/homedetails/338-Van-Duzer-St-Staten-Island-NY-10304/83056560_zpid/
Apartment for rent,Gerritsen Ave,Brooklyn,NY,11229,"$1,000/mo","1 bd , 1 ba , 646 sqft",,https://www.zillow.com/homedetails/Gerritsen-Ave-Brooklyn-NY-11229/2085345246_zpid/
Apartment for rent,Brigham St,Brooklyn,NY,11229,"$1,000/mo","1 bd , 1 ba , 650 sqft",,https://www.zillow.com/homedetails/Brigham-St-Brooklyn-NY-11229/2085504039_zpid/
House for rent,E 23rd St,BROOKLYN,NY,11229,"$1,000/mo","Studio , 1 ba , -- sqft",,https://www.zillow.com/homedetails/E-23rd-St-Brooklyn-NY-11229/2085685016_zpid/
Apartment for rent,Gerritsen Ave,Brooklyn,NY,11229,"$1,000/mo","1 bd , 1 ba , 650 sqft",,https://www.zillow.com/homedetails/Gerritsen-Ave-Brooklyn-NY-11229/2085381237_zpid/
Apartment for rent,Gerritsen Ave,Brooklyn,NY,11229,"$1,000/mo","1 bd , 1 ba , 600 sqft",,https://www.zillow.com/homedetails/Gerritsen-Ave-Brooklyn-NY-11229/2085374855_zpid/
Apartment for rent,Winant Ave,Staten Island,NY,10309,"$1,000/mo","1 bd , 1 ba , 750 sqft",,https://www.zillow.com/homedetails/Winant-Ave-Staten-Island-NY-10309/2102785662_zpid/
Apartment for rent,Gerritsen Ave,Brooklyn,NY,11229,"$1,000/mo","1 bd , 1 ba , 646 sqft",,https://www.zillow.com/homedetails/Gerritsen-Ave-Brooklyn-NY-11229/2085345246_zpid/
Apartment for rent,Ludwig Ln,Staten Island,NY,10303,"$1,000/mo","Studio , 1 ba , -- sqft",,https://www.zillow.com/homedetails/Ludwig-Ln-Staten-Island-NY-10303/2085330956_zpid/
For Rent,,,,,,"0 $1,000+",,"https://www.zillow.com/b/441-Bainbridge-St-Brooklyn-NY/40.682573,-73.919114_ll/"
Apartment for rent,1074 Rockland Ave,Staten Island,NY,10314,"$1,000/mo","Studio , 1 ba , 3,080 sqft",,https://www.zillow.com/homedetails/1074-Rockland-Ave-Staten-Island-NY-10314/32312396_zpid/
Apartment for rent,36 Shepard Ave,Staten Island,NY,10314,"$1,000/mo","Studio , 1 ba , 500 sqft",,https://www.zillow.com/homedetails/36-Shepard-Ave-Staten-Island-NY-10314/32308832_zpid/
House for rent,35 Woodrose Ln,Staten Island,NY,10309,"$1,000/mo","1 bd , 1 ba , 350 sqft",,https://www.zillow.com/homedetails/35-Woodrose-Ln-Staten-Island-NY-10309/32371240_zpid/
Apartment for rent,1107 Rockland Ave,Staten Island,NY,10314,"$1,000/mo","1 bd , 1 ba , 700 sqft",,https://www.zillow.com/homedetails/1107-Rockland-Ave-Staten-Island-NY-10314/68322006_zpid/
House for rent,15 Red Cedar Ln,Staten Island,NY,10309,"$1,000/mo","Studio , 1 ba , 2,704 sqft",,https://www.zillow.com/homedetails/15-Red-Cedar-Ln-Staten-Island-NY-10309/32373501_zpid/
Apartment for rent,140 E 16th St APT 6D,New York,NY,10003,"$1,000/mo","Studio , 1.5 ba , 200 sqft",,https://www.zillow.com/homedetails/140-E-16th-St-APT-6D-New-York-NY-10003/2091219418_zpid/
House for rent,Parker St,Bronx,NY,10462,"$1,000/mo","Studio , 1 ba , -- sqft",,https://www.zillow.com/homedetails/Parker-St-Bronx-NY-10462/2085398581_zpid/
Apartment for rent,93-20 241st Street Bellerose Grd Fl # ONLY,Queens,NY,11426,"$1,000+/mo","Studio , 1 ba , -- sqft",,https://www.zillow.com/homedetails/93-20-241st-Street-Bellerose-Grd-Fl-ONLY-Queens-NY-11426/2085322076_zpid/
House for rent,21703 Jamaica Ave,Queens Village,NY,11428,"$1,000/mo","Studio , -- ba , -- sqft",,https://www.zillow.com/homedetails/21703-Jamaica-Ave-Queens-Village-NY-11428/2087307468_zpid/
Apartment for rent,18 Vogel Pl,STATEN ISLAND,NY,10309,"$1,025/mo","1 bd , 1 ba , 3,100 sqft",,https://www.zillow.com/homedetails/18-Vogel-Pl-Staten-Island-NY-10309/32370993_zpid/
Apartment for rent,82nd St,Howard Beach,NY,11414,"$1,050/mo","Studio , 1 ba , -- sqft",,https://www.zillow.com/homedetails/82nd-St-Howard-Beach-NY-11414/2086625012_zpid/
Condo for rent,216 Sneden Ave # B,Staten Island,NY,10312,"$1,050/mo","1 bd , -- ba , 425 sqft",,https://www.zillow.com/homedetails/216-Sneden-Ave-B-Staten-Island-NY-10312/2086602197_zpid/
Apartment for rent,E 202nd St,Bronx,NY,10458,"$1,050/mo","Studio , 1 ba , -- sqft",,https://www.zillow.com/homedetails/E-202nd-St-Bronx-NY-10458/2091822382_zpid/
Apartment for rent,167th Street Queens #,Fresh Meadows,NY,11366,"$1,050/mo","Studio , 1 ba , 350 sqft",,https://www.zillow.com/homedetails/167th-Street-Queens-Fresh-Meadows-NY-11366/2086187675_zpid/
Apartment for rent,Young Ave,Bronx,NY,10469,"$1,095/mo","Studio , 1 ba , -- sqft",,https://www.zillow.com/homedetails/Young-Ave-Bronx-NY-10469/2096438725_zpid/
House for rent,80 Brighton St,Staten Island,NY,10307,"$1,100/mo","1 bd , 1 ba , 3,200 sqft",,https://www.zillow.com/homedetails/80-Brighton-St-Staten-Island-NY-10307/62724353_zpid/
House for rent,62 Lerer Ln,Staten Island,NY,10307,"$1,100/mo","1 bd , 1 ba , 2,500 sqft",,https://www.zillow.com/homedetails/62-Lerer-Ln-Staten-Island-NY-10307/59821279_zpid/
Apartment for rent,Candon Ave,Staten Island,NY,10309,"$1,100/mo","1 bd , 1 ba , -- sqft",,https://www.zillow.com/homedetails/Candon-Ave-Staten-Island-NY-10309/2095815142_zpid/
Apartment for rent,E 98th St,Brooklyn,NY,11236,"$1,100/mo","1 bd , 1 ba , -- sqft",,https://www.zillow.com/homedetails/E-98th-St-Brooklyn-NY-11236/2085374254_zpid/
Townhouse for rent,Edgewater St,Staten Island,NY,10305,"$1,100/mo","Studio , 1 ba , -- sqft",,https://www.zillow.com/homedetails/Edgewater-St-Staten-Island-NY-10305/2085519980_zpid/
Apartment for rent,Cannon Ave,Staten Island,NY,10314,"$1,100/mo","1 bd , 1 ba , -- sqft",,https://www.zillow.com/homedetails/Cannon-Ave-Staten-Island-NY-10314/2128707650_zpid/
Apartment for rent,Edgewater St,STATEN ISLAND,NY,10305,"$1,100/mo","Studio , 1 ba , -- sqft",,https://www.zillow.com/homedetails/Edgewater-St-Staten-Island-NY-10305/2088318584_zpid/
Apartment for rent,138 Eltingville Blvd,Staten Island,NY,10312,"$1,100/mo","1 bd , 1 ba , 700 sqft",,https://www.zillow.com/homedetails/138-Eltingville-Blvd-Staten-Island-NY-10312/79730768_zpid/
Condo for rent,Newberry Ave,Staten Island,NY,10304,"$1,100/mo","Studio , 1 ba , 700 sqft",,https://www.zillow.com/homedetails/Newberry-Ave-Staten-Island-NY-10304/2096807408_zpid/
Apartment for rent,64 Serrell Ave # 1,Staten Island,NY,10312,"$1,100/mo","1 bd , 1 ba , -- sqft",,https://www.zillow.com/homedetails/64-Serrell-Ave-1-Staten-Island-NY-10312/2085868788_zpid/
Apartment for rent,830 Howard Ave APT 1G,Staten Island,NY,10301,"$1,100/mo","Studio , 1 ba , 400 sqft",,https://www.zillow.com/homedetails/830-Howard-Ave-APT-1G-Staten-Island-NY-10301/32286790_zpid/
House for rent,80 Brighton St,Staten Island,NY,10307,"$1,100/mo","1 bd , 1 ba , 3,200 sqft",,https://www.zillow.com/homedetails/80-Brighton-St-Staten-Island-NY-10307/62724353_zpid/
House for rent,62 Lerer Ln,Staten Island,NY,10307,"$1,100/mo","1 bd , 1 ba , 2,500 sqft",,https://www.zillow.com/homedetails/62-Lerer-Ln-Staten-Island-NY-10307/59821279_zpid/
Apartment for rent,E 215th St,Bronx,NY,10469,"$1,100/mo","Studio , 1 ba , 1,732 sqft",,https://www.zillow.com/homedetails/E-215th-St-Bronx-NY-10469/2085334068_zpid/
Apartment for rent,Colden Ave,BRONX,NY,10469,"$1,100/mo","Studio , 1 ba , -- sqft",,https://www.zillow.com/homedetails/Colden-Ave-Bronx-NY-10469/2086273628_zpid/
Apartment for rent,Tiebout Ave,Bronx,NY,10458,"$1,100/mo","Studio , 1 ba , 400 sqft",,https://www.zillow.com/homedetails/Tiebout-Ave-Bronx-NY-10458/2085326718_zpid/
Apartment for rent,185th St,Fresh Meadows,NY,11366,"$1,100/mo","Studio , 1 ba , -- sqft",,https://www.zillow.com/homedetails/185th-St-Fresh-Meadows-NY-11366/2089564851_zpid/
Apartment for rent,(undisclosed Address),Flushing,NY,11361,"$1,100/mo","Studio , 1 ba , 1,000 sqft",,https://www.zillow.com/homedetails/(undisclosed-Address)-Flushing-NY-11361/2122653361_zpid/
House for rent,9058 201st St,Hollis,NY,11423,"$1,100/mo","1 bd , 1 ba , 580 sqft",,https://www.zillow.com/homedetails/9058-201st-St-Hollis-NY-11423/2117381456_zpid/
2330 Tiebout Avenue,,,,,,"0 $1,100 2 $1,650",,https://www.zillow.com/b/2330-tiebout-avenue-bronx-ny-5Y2zyy/
Apartment for rent,189 E Mosholu Pkwy N APT C,Bronx,NY,10467,"$1,100/mo","Studio , 1 ba , 500 sqft",,https://www.zillow.com/homedetails/189-E-Mosholu-Pkwy-N-APT-C-Bronx-NY-10467/2105737451_zpid/
1040 Neilson Street,,,,,,"0 $1,125+ 1 $1,400",,https://www.zillow.com/b/1040-neilson-street-far-rockaway-ny-9ggKSM/
1040 Neilson Street,,,,,,"0 $1,125 1 $1,475",,"https://www.zillow.com/b/1040-Neilson-Street-Far-Rockaway-NY/40.604666,-73.747956_ll/"
Apartment for rent,701 Ralph Ave,Brooklyn,NY,11212,"$1,136/mo","1 bd , 1 ba , -- sqft",,https://www.zillow.com/homedetails/701-Ralph-Ave-Brooklyn-NY-11212/2094472992_zpid/
Apartment for rent,500 Mountainview Ave # 2,Staten Island,NY,10314,"$1,150/mo","1 bd , 1 ba , 500 sqft",,https://www.zillow.com/homedetails/500-Mountainview-Ave-2-Staten-Island-NY-10314/2093379955_zpid/
Apartment for rent,E 14th St,Brooklyn,NY,11229,"$1,150/mo","1 bd , 1 ba , 500 sqft",,https://www.zillow.com/homedetails/E-14th-St-Brooklyn-NY-11229/2085349127_zpid/
Apartment for rent,Darlington Ave,STATEN ISLAND,NY,10312,"$1,150/mo","1 bd , 1 ba , 700 sqft",,https://www.zillow.com/homedetails/Darlington-Ave-Staten-Island-NY-10312/2085587559_zpid/
House for rent,Wycliff Ln,STATEN ISLAND,NY,10312,"$1,150/mo","1 bd , 1 ba , -- sqft",,https://www.zillow.com/homedetails/Wycliff-Ln-Staten-Island-NY-10312/2085757339_zpid/
Apartment for rent,Darlington Ave,Staten Island,NY,10312,"$1,150/mo","1 bd , 1 ba , 800 sqft",,https://www.zillow.com/homedetails/Darlington-Ave-Staten-Island-NY-10312/2085581152_zpid/
Apartment for rent,Russek Dr,Staten Island,NY,10312,"$1,150/mo","1 bd , 1 ba , 625 sqft",,https://www.zillow.com/homedetails/Russek-Dr-Staten-Island-NY-10312/2085308265_zpid/
House for rent,Macon Ave,Staten Island,NY,10312,"$1,150/mo","1 bd , 1 ba , -- sqft",,https://www.zillow.com/homedetails/Macon-Ave-Staten-Island-NY-10312/2085547774_zpid/
Townhouse for rent,E 14th St,Brooklyn,NY,11229,"$1,150/mo","1 bd , 1 ba , -- sqft",,https://www.zillow.com/homedetails/E-14th-St-Brooklyn-NY-11229/2088673101_zpid/
Apartment for rent,Bay Pkwy,Brooklyn,NY,11204,"$1,150/mo","1 bd , 1 ba , -- sqft",,https://www.zillow.com/homedetails/Bay-Pkwy-Brooklyn-NY-11204/2087596065_zpid/
Apartment for rent,Avenue P,Brooklyn,NY,11204,"$1,150/mo","1 bd , 1 ba , -- sqft",,https://www.zillow.com/homedetails/Avenue-P-Brooklyn-NY-11204/2087596078_zpid/
Apartment for rent,Charleston Ave,STATEN ISLAND,NY,10309,"$1,150/mo","1 bd , 1 ba , -- sqft",,https://www.zillow.com/homedetails/Charleston-Ave-Staten-Island-NY-10309/2089189889_zpid/
For Rent,,,,,,"1 $1,150 3 $2,250",,"https://www.zillow.com/b/27-Bentley-Ln-Staten-Island-NY/40.509874,-74.247926_ll/"
For Rent,,,,,,"1 $1,150 3 $2,550",,"https://www.zillow.com/b/26-Bayonne-Ct-Staten-Island-NY/40.638007,-74.141712_ll/"
Apartment for rent,903 E 92nd St,Brooklyn,NY,11236,"$1,150/mo","Studio , 1 ba , 450 sqft",,https://www.zillow.com/homedetails/903-E-92nd-St-Brooklyn-NY-11236/30772955_zpid/
House for rent,191st St,FLUSHING,NY,11358,"$1,150/mo","Studio , 1 ba , 650 sqft",,https://www.zillow.com/homedetails/191st-St-Flushing-NY-11358/2085409153_zpid/
House for rent,Avenue,Bayside,NY,11361,"$1,150/mo","Studio , 1 ba , 650 sqft",,https://www.zillow.com/homedetails/Avenue-Bayside-NY-11361/2085609499_zpid/
House for rent,Strang Ave,BRONX,NY,10466,"$1,150/mo","Studio , 1 ba , -- sqft",,https://www.zillow.com/homedetails/Strang-Ave-Bronx-NY-10466/2085915379_zpid/
Apartment for rent,Darlington Ave,Staten Island,NY,10312,"$1,175/mo","1 bd , 1 ba , -- sqft",,https://www.zillow.com/homedetails/Darlington-Ave-Staten-Island-NY-10312/2085512016_zpid/
Apartment for rent,26 Wagner St,Staten Island,NY,10305,"$1,175/mo","1 bd , 1 ba , 950 sqft",,https://www.zillow.com/homedetails/26-Wagner-St-Staten-Island-NY-10305/58577750_zpid/
For Rent,,,,,,"1 $1,199+",,"https://www.zillow.com/b/73-Harrison-St-Staten-Island-NY/40.62399,-74.077016_ll/"
Apartment for rent,E 13th St,Brooklyn,NY,11229,"$1,200/mo","1 bd , 1 ba , 600 sqft",,https://www.zillow.com/homedetails/E-13th-St-Brooklyn-NY-11229/2085347461_zpid/
For Rent,,,,,,"1 $1,200 3 $2,800",,"https://www.zillow.com/b/32-Riverside-Ln-Staten-Island-NY/40.639154,-74.140472_ll/"
Apartment for rent,Bay Ridge Pkwy,Brooklyn,NY,11204,"$1,200/mo","Studio , 1 ba , -- sqft",,https://www.zillow.com/homedetails/Bay-Ridge-Pkwy-Brooklyn-NY-11204/2086123101_zpid/
Apartment for rent,Great Kills Rd,Staten Island,NY,10308,"$1,200/mo","1 bd , 1 ba , 1,610 sqft",,https://www.zillow.com/homedetails/Great-Kills-Rd-Staten-Island-NY-10308/2085777627_zpid/
Townhouse for rent,11747 224th St,Jamaica,NY,11411,"$1,200/mo","Studio , 1 ba , 1,194 sqft",,https://www.zillow.com/homedetails/11747-224th-St-Jamaica-NY-11411/32196388_zpid/
Apartment for rent,Great Kills Rd,Staten Island,NY,10308,"$1,200/mo","1 bd , 1 ba , 750 sqft",,https://www.zillow.com/homedetails/Great-Kills-Rd-Staten-Island-NY-10308/2092376938_zpid/
Apartment for rent,Rockaway St,Staten Island,NY,10307,"$1,200/mo","1 bd , 1 ba , 4,450 sqft",,https://www.zillow.com/homedetails/Rockaway-St-Staten-Island-NY-10307/2085384229_zpid/
Apartment for rent,Essex Dr,Staten Island,NY,10314,"$1,200/mo","1 bd , 1 ba , -- sqft",,https://www.zillow.com/homedetails/Essex-Dr-Staten-Island-NY-10314/2136932795_zpid/
Apartment for rent,Garibaldi Ave,STATEN ISLAND,NY,10306,"$1,200/mo","1 bd , 1 ba , -- sqft",,https://www.zillow.com/homedetails/Garibaldi-Ave-Staten-Island-NY-10306/2085712394_zpid/
Apartment for rent,Avenue U,Brooklyn,NY,11229,"$1,200/mo","1 bd , 1 ba , 600 sqft",,https://www.zillow.com/homedetails/Avenue-U-Brooklyn-NY-11229/2085329872_zpid/
Apartment for rent,Hecker St,Staten Island,NY,10307,"$1,200/mo","1 bd , 1 ba , -- sqft",,https://www.zillow.com/homedetails/Hecker-St-Staten-Island-NY-10307/2085478869_zpid/
Apartment for rent,E 14th St,Brooklyn,NY,11235,"$1,200/mo","1 bd , 1 ba , 600 sqft",,https://www.zillow.com/homedetails/E-14th-St-Brooklyn-NY-11235/2085332523_zpid/
Apartment for rent,87th St,Woodhaven,NY,11421,"$1,200/mo","Studio , 1 ba , -- sqft",,https://www.zillow.com/homedetails/87th-St-Woodhaven-NY-11421/2085930538_zpid/
Apartment for rent,Rockaway St,Staten Island,NY,10307,"$1,200/mo","1 bd , 1 ba , 4,450 sqft",,https://www.zillow.com/homedetails/Rockaway-St-Staten-Island-NY-10307/2085384229_zpid/
Apartment for rent,E 14th St,Brooklyn,NY,11229,"$1,200/mo","1 bd , 1 ba , 600 sqft",,https://www.zillow.com/homedetails/E-14th-St-Brooklyn-NY-11229/2085383845_zpid/
Apartment for rent,E 14th St,Brooklyn,NY,11229,"$1,200/mo","1 bd , 1 ba , 6,000 sqft",,https://www.zillow.com/homedetails/E-14th-St-Brooklyn-NY-11229/2085383777_zpid/
Apartment for rent,E 13th St,Brooklyn,NY,11229,"$1,200/mo","1 bd , 1 ba , 600 sqft",,https://www.zillow.com/homedetails/E-13th-St-Brooklyn-NY-11229/2085372085_zpid/
Apartment for rent,Essex Dr,Staten Island,NY,10314,"$1,200/mo","1 bd , 1 ba , -- sqft",,https://www.zillow.com/homedetails/Essex-Dr-Staten-Island-NY-10314/2136932795_zpid/
Apartment for rent,85th St,BROOKLYN,NY,11214,"$1,200/mo","1 bd , 1 ba , -- sqft",,https://www.zillow.com/homedetails/85th-St-Brooklyn-NY-11214/2085913223_zpid/
House for rent,Kings Hwy,Brooklyn,NY,11212,"$1,200/mo","Studio , -- ba , -- sqft",,https://www.zillow.com/homedetails/Kings-Hwy-Brooklyn-NY-11212/2096346279_zpid/
Apartment for rent,84th St,Brooklyn,NY,11214,"$1,200/mo","1 bd , 1 ba , -- sqft",,https://www.zillow.com/homedetails/84th-St-Brooklyn-NY-11214/2087305719_zpid/
Apartment for rent,(undisclosed Address),Staten Island,NY,10308,"$1,200/mo","1 bd , 1 ba , 1,884 sqft",,https://www.zillow.com/homedetails/(undisclosed-Address)-Staten-Island-NY-10308/2102721732_zpid/
Apartment for rent,Seguine Loop,STATEN ISLAND,NY,10309,"$1,200/mo","1 bd , 1 ba , 900 sqft",,https://www.zillow.com/homedetails/Seguine-Loop-Staten-Island-NY-10309/2086249579_zpid/
Apartment for rent,Bay Ridge Pkwy,Brooklyn,NY,11204,"$1,200/mo","Studio , 1 ba , -- sqft",,https://www.zillow.com/homedetails/Bay-Ridge-Pkwy-Brooklyn-NY-11204/2086123101_zpid/
Apartment for rent,Darnell Ln,Staten Island,NY,10309,"$1,200/mo","1 bd , 1 ba , 1,900 sqft",,https://www.zillow.com/homedetails/Darnell-Ln-Staten-Island-NY-10309/2096260173_zpid/
House for rent,Wellbrook Ave,STATEN ISLAND,NY,10314,"$1,200/mo","1 bd , 1 ba , -- sqft",,https://www.zillow.com/homedetails/Wellbrook-Ave-Staten-Island-NY-10314/2085752833_zpid/
Apartment for rent,Avenue P,Brooklyn,NY,11204,"$1,200/mo","1 bd , 1 ba , -- sqft",,https://www.zillow.com/homedetails/Avenue-P-Brooklyn-NY-11204/2088546356_zpid/
Apartment for rent,Fort Hamilton Pkwy,Brooklyn,NY,11219,"$1,200/mo","1 bd , 1 ba , -- sqft",,https://www.zillow.com/homedetails/Fort-Hamilton-Pkwy-Brooklyn-NY-11219/2088523358_zpid/
Townhouse for rent,2680 Ford St # 1STFLOOR,Brooklyn,NY,11235,"$1,200/mo","Studio , 1 ba , -- sqft",,https://www.zillow.com/homedetails/2680-Ford-St-1STFLOOR-Brooklyn-NY-11235/2085337071_zpid/
Condo for rent,78 Bowdoin St FL 1ST,Staten Island,NY,10314,"$1,200/mo","1 bd , 1 ba , 702 sqft",,https://www.zillow.com/homedetails/78-Bowdoin-St-FL-1ST-Staten-Island-NY-10314/2085408537_zpid/
House for rent,239 Bay 14th St,Brooklyn,NY,11214,"$1,200/mo","Studio , 1 ba , 1,890 sqft",,https://www.zillow.com/homedetails/239-Bay-14th-St-Brooklyn-NY-11214/30714717_zpid/
House for rent,4233 Hylan Blvd,Staten Island,NY,10312,"$1,200/mo","1 bd , 1 ba , 2,808 sqft",,https://www.zillow.com/homedetails/4233-Hylan-Blvd-Staten-Island-NY-10312/32348593_zpid/
Apartment for rent,627 Wainwright Ave,Staten Island,NY,10312,"$1,200/mo","1 bd , 1 ba , 300 sqft",,https://www.zillow.com/homedetails/627-Wainwright-Ave-Staten-Island-NY-10312/32355563_zpid/
Apartment for rent,Hecker St,Staten Island,NY,10307,"$1,200/mo","1 bd , 1 ba , -- sqft",,https://www.zillow.com/homedetails/Hecker-St-Staten-Island-NY-10307/2085478869_zpid/
Apartment for rent,W 12th Street # 2nd,Brooklyn,NY,11223,"$1,200/mo","1 bd , 1 ba , -- sqft",,https://www.zillow.com/homedetails/W-12th-Street-2nd-Brooklyn-NY-11223/2085371398_zpid/
Apartment for rent,Kelly Blvd,STATEN ISLAND,NY,10314,"$1,200/mo","1 bd , 1 ba , -- sqft",,https://www.zillow.com/homedetails/Kelly-Blvd-Staten-Island-NY-10314/2085717436_zpid/
Apartment for rent,Great Kills Rd,Staten Island,NY,10308,"$1,200/mo","1 bd , 1 ba , 750 sqft",,https://www.zillow.com/homedetails/Great-Kills-Rd-Staten-Island-NY-10308/2092376938_zpid/
Apartment for rent,Ford St,BROOKLYN,NY,11235,"$1,200/mo","Studio , 1 ba , -- sqft",,https://www.zillow.com/homedetails/Ford-St-Brooklyn-NY-11235/2085340008_zpid/
Apartment for rent,Sharrott Ave,Staten Island,NY,10309,"$1,200/mo","1 bd , 1 ba , 550 sqft",,https://www.zillow.com/homedetails/Sharrott-Ave-Staten-Island-NY-10309/2123871822_zpid/
Apartment for rent,E 13th St,Brooklyn,NY,11229,"$1,200/mo","1 bd , 1 ba , 600 sqft",,https://www.zillow.com/homedetails/E-13th-St-Brooklyn-NY-11229/2085347461_zpid/
Apartment for rent,Hylan Blvd,Staten Island,NY,10312,"$1,200/mo","1 bd , 1 ba , 950 sqft",,https://www.zillow.com/homedetails/Hylan-Blvd-Staten-Island-NY-10312/2096094057_zpid/
Apartment for rent,Connecticut St,Staten Island,NY,10307,"$1,200/mo","1 bd , 1 ba , 550 sqft",,https://www.zillow.com/homedetails/Connecticut-St-Staten-Island-NY-10307/2096105343_zpid/
Apartment for rent,Great Kills Rd,Staten Island,NY,10308,"$1,200/mo","1 bd , 1 ba , 1,610 sqft",,https://www.zillow.com/homedetails/Great-Kills-Rd-Staten-Island-NY-10308/2085777627_zpid/
Apartment for rent,38 Beard St FL 1ST,Staten Island,NY,10314,"$1,200/mo","1 bd , 1 ba , 650 sqft",,https://www.zillow.com/homedetails/38-Beard-St-FL-1ST-Staten-Island-NY-10314/2087143120_zpid/
Apartment for rent,3100 Quentin Rd # 2,Brooklyn,NY,11234,"$1,200/mo","1 bd , 1 ba , -- sqft",,https://www.zillow.com/homedetails/3100-Quentin-Rd-2-Brooklyn-NY-11234/2085344050_zpid/
For Rent,,,,,,"1 $1,200 3 $2,900+",,"https://www.zillow.com/b/1930-Grove-St-Ridgewood-NY/40.706824,-73.906798_ll/"
Townhouse for rent,11747 224th St,Jamaica,NY,11411,"$1,200/mo","Studio , 1 ba , 1,194 sqft",,https://www.zillow.com/homedetails/11747-224th-St-Jamaica-NY-11411/32196388_zpid/
Apartment for rent,Rev James A Polite Ave,Bronx,NY,10459,"$1,200/mo","1 bd , 1 ba , -- sqft",,https://www.zillow.com/homedetails/Rev-James-A-Polite-Ave-Bronx-NY-10459/2101065360_zpid/
Apartment for rent,Bainbridge Ave,Bronx,NY,10467,"$1,200/mo","Studio , 1 ba , -- sqft",,https://www.zillow.com/homedetails/Bainbridge-Ave-Bronx-NY-10467/2085737371_zpid/
Apartment for rent,Powell Ave,Bronx,NY,10462,"$1,200/mo","Studio , 1 ba , -- sqft",,https://www.zillow.com/homedetails/Powell-Ave-Bronx-NY-10462/2086314431_zpid/
House for rent,Marion Ave,Bronx,NY,10458,"$1,200/mo","Studio , 1 ba , 2,016 sqft",,https://www.zillow.com/homedetails/Marion-Ave-Bronx-NY-10458/2085375215_zpid/
Townhouse for rent,Watson Ave,Bronx,NY,10462,"$1,200/mo","Studio , 1 ba , 500 sqft",,https://www.zillow.com/homedetails/Watson-Ave-Bronx-NY-10462/2085341231_zpid/
Apartment for rent,Sheridan Ave,Bronx,NY,10456,"$1,200/mo","1 bd , 1 ba , -- sqft",,https://www.zillow.com/homedetails/Sheridan-Ave-Bronx-NY-10456/2095794067_zpid/
Apartment for rent,Anderson Ave,Bronx,NY,10452,"$1,200/mo","1 bd , 1 ba , -- sqft",,https://www.zillow.com/homedetails/Anderson-Ave-Bronx-NY-10452/2091390704_zpid/
Apartment for rent,Elder Ave,Bronx,NY,10472,"$1,200/mo","1 bd , 1 ba , -- sqft",,https://www.zillow.com/homedetails/Elder-Ave-Bronx-NY-10472/2102805055_zpid/
Apartment for rent,Cruger Ave,Bronx,NY,10467,"$1,200/mo","Studio , 1 ba , -- sqft",,https://www.zillow.com/homedetails/Cruger-Ave-Bronx-NY-10467/2094734102_zpid/
Apartment for rent,89 Ave And 190 St,Hollis,NY,11423,"$1,200/mo","1 bd , 1 ba , -- sqft",,https://www.zillow.com/homedetails/89-Ave-And-190-St-Hollis-NY-11423/2085399588_zpid/
Apartment for rent,848 E 222nd St APT 3,Bronx,NY,10467,"$1,200/mo","Studio , 1 ba , 400 sqft",,https://www.zillow.com/homedetails/848-E-222nd-St-APT-3-Bronx-NY-10467/2086299488_zpid/
Apartment for rent,848 E 222nd St APT 3,Bronx,NY,10467,"$1,200/mo","Studio , 1 ba , 400 sqft",,https://www.zillow.com/homedetails/848-E-222nd-St-APT-3-Bronx-NY-10467/2086299488_zpid/
Apartment for rent,Albert Rd,Jamaica,NY,11417,"$1,215/mo","Studio , 1 ba , 2,400 sqft",,https://www.zillow.com/homedetails/Albert-Rd-Jamaica-NY-11417/2085530908_zpid/
Apartment for rent,52 Sinclair Ave,Staten Island,NY,10312,"$1,225/mo","1 bd , 1 ba , 4,000 sqft",,https://www.zillow.com/homedetails/52-Sinclair-Ave-Staten-Island-NY-10312/99375265_zpid/
Apartment for rent,2165 Ryer Ave # 1,Bronx,NY,10457,"$1,225/mo","Studio , 1 ba , -- sqft",,https://www.zillow.com/homedetails/2165-Ryer-Ave-1-Bronx-NY-10457/2085454086_zpid/
Apartment for rent,1744 Clay Ave # 1,Bronx,NY,10457,"$1,225/mo","Studio , 1 ba , -- sqft",,https://www.zillow.com/homedetails/1744-Clay-Ave-1-Bronx-NY-10457/2085618770_zpid/
Apartment for rent,8851 179th St # 3,Jamaica,NY,11432,"$1,245/mo","Studio , 1 ba , -- sqft",,https://www.zillow.com/homedetails/8851-179th-St-3-Jamaica-NY-11432/2085334476_zpid/
Apartment for rent,Arden Ave,Staten Island,NY,10312,"$1,250/mo","1 bd , 1 ba , -- sqft",,https://www.zillow.com/homedetails/Arden-Ave-Staten-Island-NY-10312/2085370826_zpid/
Apartment for rent,(undisclosed Address),Brooklyn,NY,11234,"$1,250/mo","Studio , 1 ba , 2,170 sqft",,https://www.zillow.com/homedetails/(undisclosed-Address)-Brooklyn-NY-11234/2109843123_zpid/
House for rent,El Camino Loop,Staten island,NY,10309,"$1,250/mo","1 bd , 1 ba , 900 sqft",,https://www.zillow.com/homedetails/El-Camino-Loop-Staten-Island-NY-10309/2085316133_zpid/
Apartment for rent,(undisclosed Address),Brooklyn,NY,11235,"$1,250/mo","Studio , 1 ba , 800 sqft",,https://www.zillow.com/homedetails/(undisclosed-Address)-Brooklyn-NY-11235/2144927002_zpid/
Apartment for rent,Wilbur St,Staten Island,NY,10309,"$1,250/mo","1 bd , 1 ba , 600 sqft",,https://www.zillow.com/homedetails/Wilbur-St-Staten-Island-NY-10309/2089651732_zpid/
Apartment for rent,167 Detroit Ave # 1,Staten Island,NY,10312,"$1,250/mo","1 bd , 1 ba , 700 sqft",,https://www.zillow.com/homedetails/167-Detroit-Ave-1-Staten-Island-NY-10312/2086914949_zpid/
Apartment for rent,585 N Railroad Ave,Staten Island,NY,10304,"$1,250/mo","Studio , 1 ba , 600 sqft",,https://www.zillow.com/homedetails/585-N-Railroad-Ave-Staten-Island-NY-10304/2126558087_zpid/
Apartment for rent,100 Ramona Ave,Staten Island,NY,10312,"$1,250/mo","1 bd , 1 ba , 1,890 sqft",,https://www.zillow.com/homedetails/100-Ramona-Ave-Staten-Island-NY-10312/32365365_zpid/
Condo for rent,15323 78th St APT D,Howard Beach,NY,11414,"$1,250/mo","Studio , 1 ba , 400 sqft",,https://www.zillow.com/homedetails/15323-78th-St-APT-D-Howard-Beach-NY-11414/2105794053_zpid/
Apartment for rent,108 Parkinson Ave,Staten Island,NY,10305,"$1,250/mo","1 bd , 1 ba , 600 sqft",,https://www.zillow.com/homedetails/108-Parkinson-Ave-Staten-Island-NY-10305/2088974841_zpid/
House for rent,1165 E 54th St,Brooklyn,NY,11234,"$1,250/mo","Studio , -- ba , 958 sqft",,https://www.zillow.com/homedetails/1165-E-54th-St-Brooklyn-NY-11234/30760292_zpid/
House for rent,81 Main St,Staten Island,NY,10307,"$1,250/mo","-- bds , -- ba , 2,000 sqft",,https://www.zillow.com/homedetails/81-Main-St-Staten-Island-NY-10307/32376954_zpid/
Apartment for rent,1036 Rensselaer Ave,Staten Island,NY,10309,"$1,250/mo","1 bd , 1 ba , 2,000 sqft",,https://www.zillow.com/homedetails/1036-Rensselaer-Ave-Staten-Island-NY-10309/32370810_zpid/
Apartment for rent,2727 Ocean Pkwy,Brooklyn,NY,11235,"$1,250/mo","Studio , 1 ba , 550 sqft",,https://www.zillow.com/homedetails/2727-Ocean-Pkwy-Brooklyn-NY-11235/30740425_zpid/
Apartment for rent,E 64th St,BROOKLYN,NY,11234,"$1,250/mo","Studio , 1 ba , 2,096 sqft",,https://www.zillow.com/homedetails/E-64th-St-Brooklyn-NY-11234/2087656871_zpid/
House for rent,144 Sprague Ave,Staten Island,NY,10307,"$1,250/mo","1 bd , 1 ba , 3,100 sqft",,https://www.zillow.com/homedetails/144-Sprague-Ave-Staten-Island-NY-10307/2088161301_zpid/
Apartment for rent,247 Finlay St,Staten Island,NY,10307,"$1,250/mo","Studio , 1 ba , 3,440 sqft",,https://www.zillow.com/homedetails/247-Finlay-St-Staten-Island-NY-10307/2089059931_zpid/
Apartment for rent,1 Mcbaine Ave,Staten Island,NY,10309,"$1,250/mo","1 bd , 1 ba , -- sqft",,https://www.zillow.com/homedetails/1-Mcbaine-Ave-Staten-Island-NY-10309/2085506560_zpid/
Apartment for rent,205 Gower St # 1,Staten Island,NY,10314,"$1,250/mo","1 bd , 1 ba , 725 sqft",,https://www.zillow.com/homedetails/205-Gower-St-1-Staten-Island-NY-10314/2085334841_zpid/
Apartment for rent,Midland Rd,Staten Island,NY,10308,"$1,250/mo","1 bd , 1 ba , 650 sqft",,https://www.zillow.com/homedetails/Midland-Rd-Staten-Island-NY-10308/2091203773_zpid/
Apartment for rent,95th Ave,Jamaica,NY,11416,"$1,250/mo","1 bd , 1 ba , -- sqft",,https://www.zillow.com/homedetails/95th-Ave-Jamaica-NY-11416/2088455229_zpid/
House for rent,Bedford Ave,BROOKLYN,NY,11229,"$1,250/mo","Studio , 1 ba , -- sqft",,https://www.zillow.com/homedetails/Bedford-Ave-Brooklyn-NY-11229/2085417469_zpid/
Apartment for rent,Rensselaer Ave,STATEN ISLAND,NY,10309,"$1,250/mo","1 bd , 1 ba , -- sqft",,https://www.zillow.com/homedetails/Rensselaer-Ave-Staten-Island-NY-10309/2085558697_zpid/
House for rent,E 64th St,Brooklyn,NY,11234,"$1,250/mo","Studio , 1 ba , 2,120 sqft",,https://www.zillow.com/homedetails/E-64th-St-Brooklyn-NY-11234/2093026307_zpid/
Apartment for rent,Tiebout Ave,Bronx,NY,10458,"$1,250/mo","Studio , 1 ba , -- sqft",,https://www.zillow.com/homedetails/Tiebout-Ave-Bronx-NY-10458/2101390784_zpid/
House for rent,(undisclosed Address),Bronx,NY,10461,"$1,250/mo","Studio , 1 ba , 450 sqft",,https://www.zillow.com/homedetails/(undisclosed-Address)-Bronx-NY-10461/2145643432_zpid/
Apartment for rent,Valentine Ave,Bronx,NY,10458,"$1,250/mo","Studio , 1 ba , 610 sqft",,https://www.zillow.com/homedetails/Valentine-Ave-Bronx-NY-10458/2085526915_zpid/
Apartment for rent,E 169th St,Bronx,NY,10452,"$1,250/mo","Studio , 1 ba , -- sqft",,https://www.zillow.com/homedetails/E-169th-St-Bronx-NY-10452/2086394980_zpid/
Apartment for rent,Morgan Ave,Bronx,NY,10469,"$1,250/mo","1 bd , 1 ba , 1,450 sqft",,https://www.zillow.com/homedetails/Morgan-Ave-Bronx-NY-10469/2088009972_zpid/
Apartment for rent,Clay Ave,Bronx,NY,10457,"$1,250/mo","Studio , 1 ba , -- sqft",,https://www.zillow.com/homedetails/Clay-Ave-Bronx-NY-10457/2092109962_zpid/
Apartment for rent,Parker St,Bronx,NY,10462,"$1,250/mo","Studio , 1 ba , 500 sqft",,https://www.zillow.com/homedetails/Parker-St-Bronx-NY-10462/2092861704_zpid/
Apartment for rent,Parker St,Bronx,NY,10462,"$1,250/mo","Studio , 1 ba , -- sqft",,https://www.zillow.com/homedetails/Parker-St-Bronx-NY-10462/2087381219_zpid/
Apartment for rent,1560 Sheridan Ave # 1,Bronx,NY,10457,"$1,250/mo","Studio , 1 ba , -- sqft",,https://www.zillow.com/homedetails/1560-Sheridan-Ave-1-Bronx-NY-10457/2085621609_zpid/
Apartment for rent,2555 Ryer Ave # 1,Bronx,NY,10458,"$1,250/mo","Studio , 1 ba , -- sqft",,https://www.zillow.com/homedetails/2555-Ryer-Ave-1-Bronx-NY-10458/2085769757_zpid/
For Rent,,,,,,"0 $1,250 2 $1,750",,"https://www.zillow.com/b/2327-Walton-Ave-Bronx-NY/40.859391,-73.902466_ll/"
Apartment for rent,3155 Rochambeau Ave,Bronx,NY,10467,"$1,250/mo","Studio , 1 ba , -- sqft",,https://www.zillow.com/homedetails/3155-Rochambeau-Ave-Bronx-NY-10467/2103537381_zpid/
Apartment for rent,1455 Sheridan Ave # 1,Bronx,NY,10457,"$1,250/mo","Studio , 1 ba , -- sqft",,https://www.zillow.com/homedetails/1455-Sheridan-Ave-1-Bronx-NY-10457/2085485768_zpid/
For Rent,,,,,,"0 $1,250 1 $1,375",,"https://www.zillow.com/b/2180-Ryer-Ave-Bronx-NY/40.85483,-73.89969_ll/"
Apartment for rent,1413 Sheridan Ave # 1,Bronx,NY,10456,"$1,250/mo","Studio , 1 ba , -- sqft",,https://www.zillow.com/homedetails/1413-Sheridan-Ave-1-Bronx-NY-10456/2085532055_zpid/
For Rent,,,,,,"0 $1,250 1 $1,500",,"https://www.zillow.com/b/1504-Sheridan-Ave-Bronx-NY/40.840613,-73.91084_ll/"
Apartment for rent,2181 Starling Ave,Bronx,NY,10462,"$1,250/mo","Studio , 1 ba , 30,927 sqft",,https://www.zillow.com/homedetails/2181-Starling-Ave-Bronx-NY-10462/29811272_zpid/
For Rent,,,,,,"0 $1,250 2 $1,750",,"https://www.zillow.com/b/2323-Walton-Ave-Bronx-NY/40.859139,-73.902619_ll/"
Apartment for rent,1856 Clay Ave # 1,Bronx,NY,10457,"$1,250/mo","Studio , 1 ba , -- sqft",,https://www.zillow.com/homedetails/1856-Clay-Ave-1-Bronx-NY-10457/2085943074_zpid/
Apartment for rent,2334 Valentine Ave,Bronx,NY,10458,"$1,250/mo","Studio , 1 ba , 450 sqft",,https://www.zillow.com/homedetails/2334-Valentine-Ave-Bronx-NY-10458/29785693_zpid/
Apartment for rent,E 213th St,Bronx,NY,10467,"$1,250/mo","1 bd , 1 ba , -- sqft",,https://www.zillow.com/homedetails/E-213th-St-Bronx-NY-10467/2085710817_zpid/
Apartment for rent,E 213th St,Bronx,NY,10467,"$1,250/mo","1 bd , 1 ba , -- sqft",,https://www.zillow.com/homedetails/E-213th-St-Bronx-NY-10467/2085806113_zpid/
Apartment for rent,E 211th St,Bronx,NY,10467,"$1,250/mo","Studio , 1 ba , -- sqft",,https://www.zillow.com/homedetails/E-211th-St-Bronx-NY-10467/2085685698_zpid/
Apartment for rent,E 224th St,Bronx,NY,10466,"$1,250/mo","Studio , 1 ba , -- sqft",,https://www.zillow.com/homedetails/E-224th-St-Bronx-NY-10466/2085613166_zpid/
House for rent,90 Vreeland St,Staten Island,NY,10302,"$1,251/mo","Studio , 1 ba , 4,368 sqft",,https://www.zillow.com/homedetails/90-Vreeland-St-Staten-Island-NY-10302/32296026_zpid/
Apartment for rent,E 226th St,Bronx,NY,10466,"$1,267/mo","Studio , 1 ba , 2,200 sqft",,https://www.zillow.com/homedetails/E-226th-St-Bronx-NY-10466/2085432375_zpid/
Apartment for rent,305 95th St APT 411,Brooklyn,NY,11209,"$1,275/mo","1 bd , 1 ba , 550 sqft",,https://www.zillow.com/homedetails/305-95th-St-APT-411-Brooklyn-NY-11209/2085346546_zpid/
Apartment for rent,15th Ave,Brooklyn,NY,11219,"$1,275/mo","Studio , 1 ba , 600 sqft",,https://www.zillow.com/homedetails/15th-Ave-Brooklyn-NY-11219/2087779199_zpid/
Apartment for rent,E 213th St,Bronx,NY,10469,"$1,275/mo","Studio , 1 ba , -- sqft",,https://www.zillow.com/homedetails/E-213th-St-Bronx-NY-10469/2085388413_zpid/
Apartment for rent,Bainbridge Ave,Bronx,NY,10458,"$1,275/mo","Studio , 1 ba , 400 sqft",,https://www.zillow.com/homedetails/Bainbridge-Ave-Bronx-NY-10458/2103357323_zpid/
Apartment for rent,Grandcouse,Bronx,NY,10452,"$1,275/mo","Studio , 1 ba , -- sqft",,https://www.zillow.com/homedetails/Grandcouse-Bronx-NY-10452/2086761636_zpid/
Apartment for rent,Valentine Ave,Bronx,NY,10457,"$1,275/mo","Studio , 1 ba , 625 sqft",,https://www.zillow.com/homedetails/Valentine-Ave-Bronx-NY-10457/2102157326_zpid/
Apartment for rent,Valentine Ave,Bronx,NY,10458,"$1,275/mo","Studio , 1 ba , -- sqft",,https://www.zillow.com/homedetails/Valentine-Ave-Bronx-NY-10458/2090170831_zpid/
Apartment for rent,E 213th St,Bronx,NY,10469,"$1,275/mo","Studio , 1 ba , -- sqft",,https://www.zillow.com/homedetails/E-213th-St-Bronx-NY-10469/2085330622_zpid/
Apartment for rent,University Ave,Bronx,NY,10453,"$1,275/mo","Studio , 1 ba , -- sqft",,https://www.zillow.com/homedetails/University-Ave-Bronx-NY-10453/2086008828_zpid/
Apartment for rent,2676 Grand Concourse # 3,Bronx,NY,10458,"$1,275/mo","Studio , 1 ba , 400 sqft",,https://www.zillow.com/homedetails/2676-Grand-Concourse-3-Bronx-NY-10458/2100510663_zpid/
Apartment for rent,2257 University Ave # 1,Bronx,NY,10468,"$1,275/mo","Studio , 1 ba , -- sqft",,https://www.zillow.com/homedetails/2257-University-Ave-1-Bronx-NY-10468/2085610167_zpid/
Apartment for rent,E 213th St,Bronx,NY,10467,"$1,275/mo","Studio , 1 ba , -- sqft",,https://www.zillow.com/homedetails/E-213th-St-Bronx-NY-10467/2085415105_zpid/
Apartment for rent,2 E 213th St # 441,Bronx,NY,10467,"$1,275/mo","Studio , 1 ba , -- sqft",,https://www.zillow.com/homedetails/2-E-213th-St-441-Bronx-NY-10467/2085321442_zpid/
Apartment for rent,E 239th St,Bronx,NY,10470,"$1,275/mo","1 bd , 1 ba , -- sqft",,https://www.zillow.com/homedetails/E-239th-St-Bronx-NY-10470/2085376942_zpid/
Apartment for rent,E 213th St,Bronx,NY,10467,"$1,275/mo","Studio , 1 ba , -- sqft",,https://www.zillow.com/homedetails/E-213th-St-Bronx-NY-10467/2085337735_zpid/
Apartment for rent,2706 Bainbridge Ave # 3D,Bronx,NY,10458,"$1,276/mo","Studio , 1 ba , 550 sqft",,https://www.zillow.com/homedetails/2706-Bainbridge-Ave-3D-Bronx-NY-10458/2087708365_zpid/
Apartment for rent,(undisclosed Address),Bronx,NY,10466,"$1,290/mo","Studio , 1 ba , 40,660 sqft",,https://www.zillow.com/homedetails/(undisclosed-Address)-Bronx-NY-10466/2104660632_zpid/
For Rent,,,,,,"0 $1,295+ 2 $1,800+",,"https://www.zillow.com/b/700-Victory-Blvd-Staten-Island-NY/40.625177,-74.092472_ll/"
Apartment for rent,2191 Creston Ave,Bronx,NY,10453,"$1,295/mo","Studio , 1 ba , -- sqft",,https://www.zillow.com/homedetails/2191-Creston-Ave-Bronx-NY-10453/2087398663_zpid/
For Rent,,,,,,"0 $1,295+ 2 $1,800+",,"https://www.zillow.com/b/700-Victory-Blvd-Staten-Island-NY/40.625177,-74.092472_ll/"
House for rent,Ohm Ave,Bronx,NY,10465,"$1,295/mo","Studio , 1 ba , -- sqft",,https://www.zillow.com/homedetails/Ohm-Ave-Bronx-NY-10465/2085340764_zpid/
Apartment for rent,2191 Creston Ave,Bronx,NY,10453,"$1,295/mo","Studio , 1 ba , -- sqft",,https://www.zillow.com/homedetails/2191-Creston-Ave-Bronx-NY-10453/2087398663_zpid/
Apartment for rent,E 226th St,Bronx,NY,10466,"$1,295/mo","Studio , 1 ba , 3,830 sqft",,https://www.zillow.com/homedetails/E-226th-St-Bronx-NY-10466/2085418053_zpid/
Apartment for rent,3920 Bronx Blvd,Bronx,NY,10466,"$1,295/mo","Studio , 1 ba , -- sqft",,https://www.zillow.com/homedetails/3920-Bronx-Blvd-Bronx-NY-10466/2103538401_zpid/
Apartment for rent,(undisclosed Address),Brooklyn,NY,11235,"$1,299/mo","1 bd , 1 ba , 600 sqft",,https://www.zillow.com/homedetails/(undisclosed-Address)-Brooklyn-NY-11235/2115952840_zpid/
For Rent,,,,,,"0 $1,299 1 $1,500+",,"https://www.zillow.com/b/610-Victory-Blvd-Staten-Island-NY/40.627634,-74.090461_ll/"
Apartment for rent,82nd St,Brooklyn,NY,11228,"$1,300/mo","1 bd , 1 ba , -- sqft",,https://www.zillow.com/homedetails/82nd-St-Brooklyn-NY-11228/2086165742_zpid/
Apartment for rent,17319 Vaswani Ave,Jamaica,NY,11434,"$1,300/mo","Studio , -- ba , 2,313 sqft",,https://www.zillow.com/homedetails/17319-Vaswani-Ave-Jamaica-NY-11434/2145994479_zpid/
Apartment for rent,133-10 101 Avenue Richmond Hill Ny # FL 1ST,Queens,NY,11419,"$1,300/mo","1 bd , 1 ba , -- sqft",,https://www.zillow.com/homedetails/133-10-101-Avenue-Richmond-Hill-Ny-FL-1ST-Queens-NY-11419/2085658147_zpid/
House for rent,53 Vassar St,STATEN ISLAND,NY,10314,"$1,300/mo","1 bd , 1 ba , 2,324 sqft",,https://www.zillow.com/homedetails/53-Vassar-St-Staten-Island-NY-10314/32313004_zpid/
Apartment for rent,223 Bay 14th St,Brooklyn,NY,11214,"$1,300/mo","1 bd , 1 ba , -- sqft",,https://www.zillow.com/homedetails/223-Bay-14th-St-Brooklyn-NY-11214/2085378897_zpid/
Apartment for rent,148 Sharrotts Rd,Staten Island,NY,10309,"$1,300/mo","1 bd , 1 ba , 2,240 sqft",,https://www.zillow.com/homedetails/148-Sharrotts-Rd-Staten-Island-NY-10309/32373681_zpid/
Apartment for rent,654 E 34th St # 1B,Brooklyn,NY,11203,"$1,300/mo","Studio , 1 ba , -- sqft",,https://www.zillow.com/homedetails/654-E-34th-St-1B-Brooklyn-NY-11203/2085343685_zpid/
House for rent,354 Albourne Ave,Staten Island,NY,10309,"$1,300/mo","1 bd , 1 ba , -- sqft",,https://www.zillow.com/homedetails/354-Albourne-Ave-Staten-Island-NY-10309/89076749_zpid/
Apartment for rent,1161 Willmohr St APT 1,Brooklyn,NY,11212,"$1,300/mo","Studio , 1 ba , 450 sqft",,https://www.zillow.com/homedetails/1161-Willmohr-St-APT-1-Brooklyn-NY-11212/2085797894_zpid/
Apartment for rent,264 Avenue W,Brooklyn,NY,11223,"$1,300/mo","1 bd , 1 ba , 3,540 sqft",,https://www.zillow.com/homedetails/264-Avenue-W-Brooklyn-NY-11223/30738579_zpid/
Apartment for rent,1961 Cropsey Ave,Brooklyn,NY,11214,"$1,300/mo","1 bd , 1 ba , -- sqft",,https://www.zillow.com/homedetails/1961-Cropsey-Ave-Brooklyn-NY-11214/2121195591_zpid/
Apartment for rent,146 Bay 32nd St # 1,Brooklyn,NY,11214,"$1,300/mo","Studio , 1 ba , -- sqft",,https://www.zillow.com/homedetails/146-Bay-32nd-St-1-Brooklyn-NY-11214/2085315313_zpid/
Apartment for rent,Benziger Ave,Staten Island,NY,10301,"$1,300/mo","1 bd , 1 ba , -- sqft",,https://www.zillow.com/homedetails/Benziger-Ave-Staten-Island-NY-10301/2085453216_zpid/
Apartment for rent,32 N Railroad St # 1,Staten Island,NY,10312,"$1,300/mo","1 bd , 1 ba , 550 sqft",,https://www.zillow.com/homedetails/32-N-Railroad-St-1-Staten-Island-NY-10312/2085329027_zpid/
Apartment for rent,10710 Muriel Ct,Ozone Park,NY,11417,"$1,300/mo","1 bd , 1 ba , -- sqft",,https://www.zillow.com/homedetails/10710-Muriel-Ct-Ozone-Park-NY-11417/2095458410_zpid/
House for rent,Poplar Ln,Staten Island,NY,10309,"$1,300/mo","1 bd , 1 ba , 600 sqft",,https://www.zillow.com/homedetails/Poplar-Ln-Staten-Island-NY-10309/2100742669_zpid/
Apartment for rent,147 Bay 32nd St # 1,Brooklyn,NY,11214,"$1,300/mo","1 bd , 1 ba , -- sqft",,https://www.zillow.com/homedetails/147-Bay-32nd-St-1-Brooklyn-NY-11214/2085310517_zpid/
For Rent,,,,,,"0 $1,300 1 $1,750+ 2 $2,750+ 3 $2,900+ 4 $5,500",,"https://www.zillow.com/b/2011-Ocean-Brooklyn-Brooklyn-NY/40.6959,-73.9934_ll/"
Apartment for rent,84th St,Brooklyn,NY,11214,"$1,300/mo","1 bd , 1 ba , -- sqft",,https://www.zillow.com/homedetails/84th-St-Brooklyn-NY-11214/2085578809_zpid/
Apartment for rent,Benziger Ave,Staten Island,NY,10301,"$1,300/mo","1 bd , 1 ba , -- sqft",,https://www.zillow.com/homedetails/Benziger-Ave-Staten-Island-NY-10301/2085453216_zpid/
Apartment for rent,Excelsior Ave,Staten Island,NY,10309,"$1,300/mo","1 bd , 1 ba , -- sqft",,https://www.zillow.com/homedetails/Excelsior-Ave-Staten-Island-NY-10309/2098029532_zpid/
Apartment for rent,82nd St,Brooklyn,NY,11228,"$1,300/mo","1 bd , 1 ba , -- sqft",,https://www.zillow.com/homedetails/82nd-St-Brooklyn-NY-11228/2086165742_zpid/
Apartment for rent,Essex Dr,STATEN ISLAND,NY,10314,"$1,300/mo","1 bd , 1 ba , 650 sqft",,https://www.zillow.com/homedetails/Essex-Dr-Staten-Island-NY-10314/2085748648_zpid/
Apartment for rent,Weed Ave,Staten Island,NY,10306,"$1,300/mo","1 bd , 1 ba , -- sqft",,https://www.zillow.com/homedetails/Weed-Ave-Staten-Island-NY-10306/2089849110_zpid/
Apartment for rent,62nd St,Brooklyn,NY,11204,"$1,300/mo","1 bd , 1 ba , 900 sqft",,https://www.zillow.com/homedetails/62nd-St-Brooklyn-NY-11204/2093468234_zpid/
Apartment for rent,Victory Blvd,STATEN ISLAND,NY,10301,"$1,300/mo","1 bd , 1 ba , 650 sqft",,https://www.zillow.com/homedetails/Victory-Blvd-Staten-Island-NY-10301/2085607731_zpid/
Apartment for rent,Depew Pl,Staten Island,NY,10309,"$1,300/mo","1 bd , 1 ba , -- sqft",,https://www.zillow.com/homedetails/Depew-Pl-Staten-Island-NY-10309/2095494912_zpid/
Apartment for rent,654 E 34th St # 1B,Brooklyn,NY,11203,"$1,300/mo","Studio , 1 ba , -- sqft",,https://www.zillow.com/homedetails/654-E-34th-St-1B-Brooklyn-NY-11203/2085343685_zpid/
Apartment for rent,34 Windsor Ct,Staten Island,NY,10314,"$1,300/mo","1 bd , 1 ba , 500 sqft",,https://www.zillow.com/homedetails/34-Windsor-Ct-Staten-Island-NY-10314/32288802_zpid/
Apartment for rent,148 Sharrotts Rd,Staten Island,NY,10309,"$1,300/mo","1 bd , 1 ba , 2,240 sqft",,https://www.zillow.com/homedetails/148-Sharrotts-Rd-Staten-Island-NY-10309/32373681_zpid/
Apartment for rent,26 White Oak Ln # STREET,Staten Island,NY,10309,"$1,300/mo","1 bd , 1 ba , -- sqft",,https://www.zillow.com/homedetails/26-White-Oak-Ln-STREET-Staten-Island-NY-10309/2085659871_zpid/
Apartment for rent,133-10 101 Avenue Richmond Hill Ny # FL 1ST,Queens,NY,11419,"$1,300/mo","1 bd , 1 ba , -- sqft",,https://www.zillow.com/homedetails/133-10-101-Avenue-Richmond-Hill-Ny-FL-1ST-Queens-NY-11419/2085658147_zpid/
Apartment for rent,37 Andrews St,Staten Island,NY,10305,"$1,300/mo","1 bd , 1 ba , 650 sqft",,https://www.zillow.com/homedetails/37-Andrews-St-Staten-Island-NY-10305/2085334447_zpid/
For Rent,,,,,,"1 $1,300 2 $1,700+",,"https://www.zillow.com/b/9623-Avenue-M-Brooklyn-NY/40.637147,-73.893809_ll/"
Apartment for rent,1161 Willmohr St APT 1,Brooklyn,NY,11212,"$1,300/mo","Studio , 1 ba , 450 sqft",,https://www.zillow.com/homedetails/1161-Willmohr-St-APT-1-Brooklyn-NY-11212/2085797894_zpid/
Apartment for rent,223 Bay 14th St,Brooklyn,NY,11214,"$1,300/mo","1 bd , 1 ba , -- sqft",,https://www.zillow.com/homedetails/223-Bay-14th-St-Brooklyn-NY-11214/2085378897_zpid/
Apartment for rent,476 Ridgewood Ave # 1,Staten Island,NY,10312,"$1,300/mo","1 bd , 1 ba , 800 sqft",,https://www.zillow.com/homedetails/476-Ridgewood-Ave-1-Staten-Island-NY-10312/2085528569_zpid/
For Rent,,,,,,"0 $1,300+",,"https://www.zillow.com/b/50-Shore-Blvd-Brooklyn-NY/40.581969,-73.954339_ll/"
House for rent,8700 109th St,Richmond Hill,NY,11418,"$1,300/mo","1 bd , 1 ba , -- sqft",,https://www.zillow.com/homedetails/8700-109th-St-Richmond-Hill-NY-11418/2085318002_zpid/
Apartment for rent,264 Avenue W,Brooklyn,NY,11223,"$1,300/mo","1 bd , 1 ba , 3,540 sqft",,https://www.zillow.com/homedetails/264-Avenue-W-Brooklyn-NY-11223/30738579_zpid/
Apartment for rent,147 Bay 32nd St # 1,Brooklyn,NY,11214,"$1,300/mo","1 bd , 1 ba , -- sqft",,https://www.zillow.com/homedetails/147-Bay-32nd-St-1-Brooklyn-NY-11214/2085310517_zpid/
For Rent,,,,,,"0 $1,300 1 $1,650",,"https://www.zillow.com/b/8470-129th-St-Kew-Gardens-NY/40.705,-73.824133_ll/"
Apartment for rent,527 Arlene St,STATEN ISLAND,NY,10314,"$1,300/mo","1 bd , 1 ba , 2,338 sqft",,https://www.zillow.com/homedetails/527-Arlene-St-Staten-Island-NY-10314/32310601_zpid/
House for rent,Cropsey Ave,Brooklyn,NY,11214,"$1,300/mo","1 bd , 1 ba , -- sqft",,https://www.zillow.com/homedetails/Cropsey-Ave-Brooklyn-NY-11214/2086206519_zpid/
Apartment for rent,Shore Blvd,Brooklyn,NY,11235,"$1,300/mo","Studio , 1 ba , -- sqft",,https://www.zillow.com/homedetails/Shore-Blvd-Brooklyn-NY-11235/2103655610_zpid/
Apartment for rent,Excelsior Ave,Staten Island,NY,10309,"$1,300/mo","1 bd , 1 ba , -- sqft",,https://www.zillow.com/homedetails/Excelsior-Ave-Staten-Island-NY-10309/2098029532_zpid/
Apartment for rent,Benziger Ave,Staten Island,NY,10301,"$1,300/mo","1 bd , 1 ba , -- sqft",,https://www.zillow.com/homedetails/Benziger-Ave-Staten-Island-NY-10301/2085453216_zpid/
Apartment for rent,Essex Dr,STATEN ISLAND,NY,10314,"$1,300/mo","1 bd , 1 ba , 650 sqft",,https://www.zillow.com/homedetails/Essex-Dr-Staten-Island-NY-10314/2085748648_zpid/
Apartment for rent,Pompey Ave,Staten Island,NY,10312,"$1,300/mo","1 bd , 1 ba , -- sqft",,https://www.zillow.com/homedetails/Pompey-Ave-Staten-Island-NY-10312/2086709807_zpid/
Apartment for rent,Avenue W,Brooklyn,NY,11223,"$1,300/mo","1 bd , 1 ba , -- sqft",,https://www.zillow.com/homedetails/Avenue-W-Brooklyn-NY-11223/2095805220_zpid/
Apartment for rent,77th St,Brooklyn,NY,11214,"$1,300/mo","1 bd , 1 ba , -- sqft",,https://www.zillow.com/homedetails/77th-St-Brooklyn-NY-11214/2085486132_zpid/
Apartment for rent,Poplar Ln,Staten Island,NY,10309,"$1,300/mo","1 bd , 1 ba , -- sqft",,https://www.zillow.com/homedetails/Poplar-Ln-Staten-Island-NY-10309/2085994296_zpid/
Apartment for rent,6 Garibaldi Ave # B,Staten Island,NY,10306,"$1,300/mo","1 bd , 1 ba , 2,690 sqft",,https://www.zillow.com/homedetails/6-Garibaldi-Ave-B-Staten-Island-NY-10306/2088289954_zpid/
Apartment for rent,34 Windsor Ct,Staten Island,NY,10314,"$1,300/mo","1 bd , 1 ba , 500 sqft",,https://www.zillow.com/homedetails/34-Windsor-Ct-Staten-Island-NY-10314/32288802_zpid/
Apartment for rent,476 Ridgewood Ave # 1,Staten Island,NY,10312,"$1,300/mo","1 bd , 1 ba , 800 sqft",,https://www.zillow.com/homedetails/476-Ridgewood-Ave-1-Staten-Island-NY-10312/2085528569_zpid/
House for rent,354 Albourne Ave,Staten Island,NY,10309,"$1,300/mo","1 bd , 1 ba , -- sqft",,https://www.zillow.com/homedetails/354-Albourne-Ave-Staten-Island-NY-10309/89076749_zpid/
Apartment for rent,19 Manila Pl,Staten Island,NY,10306,"$1,300/mo","1 bd , 1 ba , 1,728 sqft",,https://www.zillow.com/homedetails/19-Manila-Pl-Staten-Island-NY-10306/32335086_zpid/
Apartment for rent,Walton Ave,Bronx,NY,10468,"$1,300/mo","Studio , 1 ba , -- sqft",,https://www.zillow.com/homedetails/Walton-Ave-Bronx-NY-10468/2092878047_zpid/
Apartment for rent,E 213th St,Bronx,NY,10469,"$1,300/mo","Studio , 1 ba , -- sqft",,https://www.zillow.com/homedetails/E-213th-St-Bronx-NY-10469/2085604407_zpid/
Apartment for rent,Unionport Rd,Bronx,NY,10462,"$1,300/mo","Studio , 1 ba , -- sqft",,https://www.zillow.com/homedetails/Unionport-Rd-Bronx-NY-10462/2085565416_zpid/
Apartment for rent,Van Nest Ave,Bronx,NY,10462,"$1,300/mo","Studio , 1 ba , -- sqft",,https://www.zillow.com/homedetails/Van-Nest-Ave-Bronx-NY-10462/2087530522_zpid/
Apartment for rent,Buhre Ave,Bronx,NY,10461,"$1,300/mo","Studio , 1 ba , -- sqft",,https://www.zillow.com/homedetails/Buhre-Ave-Bronx-NY-10461/2086788690_zpid/
Apartment for rent,Sheridan Ave,Bronx,NY,10457,"$1,300/mo","Studio , 1 ba , -- sqft",,https://www.zillow.com/homedetails/Sheridan-Ave-Bronx-NY-10457/2103750800_zpid/
Apartment for rent,(undisclosed Address),Bronx,NY,10465,"$1,300/mo","1 bd , 1 ba , -- sqft",,https://www.zillow.com/homedetails/(undisclosed-Address)-Bronx-NY-10465/2103859254_zpid/
Apartment for rent,Putnam Pl,Bronx,NY,10467,"$1,300/mo","Studio , 1 ba , -- sqft",,https://www.zillow.com/homedetails/Putnam-Pl-Bronx-NY-10467/2091477072_zpid/
Apartment for rent,Holland Ave,Bronx,NY,10467,"$1,300/mo","1 bd , 1 ba , -- sqft",,https://www.zillow.com/homedetails/Holland-Ave-Bronx-NY-10467/2085924711_zpid/
Apartment for rent,2788 Claflin Ave,Bronx,NY,10468,"$1,300/mo","Studio , 1 ba , 2,000 sqft",,https://www.zillow.com/homedetails/2788-Claflin-Ave-Bronx-NY-10468/29786827_zpid/
Apartment for rent,3215 Holland Ave APT 7C,Bronx,NY,10467,"$1,300/mo","Studio , 1 ba , 875 sqft",,https://www.zillow.com/homedetails/3215-Holland-Ave-APT-7C-Bronx-NY-10467/2122168473_zpid/
Apartment for rent,Holland Ave,Bronx,NY,10467,"$1,300/mo","1 bd , 1 ba , -- sqft",,https://www.zillow.com/homedetails/Holland-Ave-Bronx-NY-10467/2107607231_zpid/
Apartment for rent,Bronx Park E,Bronx,NY,10462,"$1,300/mo","Studio , 1 ba , -- sqft",,https://www.zillow.com/homedetails/Bronx-Park-E-Bronx-NY-10462/2085557014_zpid/
Apartment for rent,Unionport Rd,Bronx,NY,10462,"$1,300/mo","Studio , 1 ba , -- sqft",,https://www.zillow.com/homedetails/Unionport-Rd-Bronx-NY-10462/2086799444_zpid/
Apartment for rent,Cromwell Ave,Bronx,NY,10452,"$1,300/mo","Studio , 1 ba , -- sqft",,https://www.zillow.com/homedetails/Cromwell-Ave-Bronx-NY-10452/2105687893_zpid/
Apartment for rent,175th St,Fresh Meadows,NY,11366,"$1,300/mo","1 bd , 1 ba , -- sqft",,https://www.zillow.com/homedetails/175th-St-Fresh-Meadows-NY-11366/2085307925_zpid/
Apartment for rent,77th Avenue Flushing Ny #,Flushing,NY,11367,"$1,300/mo","1 bd , 1 ba , 350 sqft",,https://www.zillow.com/homedetails/77th-Avenue-Flushing-Ny-Flushing-NY-11367/2085593611_zpid/
Apartment for rent,E 213th St,Bronx,NY,10469,"$1,300/mo","Studio , 1 ba , -- sqft",,https://www.zillow.com/homedetails/E-213th-St-Bronx-NY-10469/2085545495_zpid/
Apartment for rent,Webb Ave,Bronx,NY,10468,"$1,300/mo","Studio , 1 ba , -- sqft",,https://www.zillow.com/homedetails/Webb-Ave-Bronx-NY-10468/2103589642_zpid/
Apartment for rent,Van Nest Ave,Bronx,NY,10462,"$1,300/mo","Studio , 1 ba , -- sqft",,https://www.zillow.com/homedetails/Van-Nest-Ave-Bronx-NY-10462/2087530522_zpid/
Apartment for rent,Walton Ave,Bronx,NY,10468,"$1,300/mo","Studio , 1 ba , -- sqft",,https://www.zillow.com/homedetails/Walton-Ave-Bronx-NY-10468/2092878047_zpid/
Apartment for rent,Buhre Ave,Bronx,NY,10461,"$1,300/mo","Studio , 1 ba , -- sqft",,https://www.zillow.com/homedetails/Buhre-Ave-Bronx-NY-10461/2086788690_zpid/
Apartment for rent,(undisclosed Address),Bronx,NY,10465,"$1,300/mo","1 bd , 1 ba , -- sqft",,https://www.zillow.com/homedetails/(undisclosed-Address)-Bronx-NY-10465/2103859254_zpid/
Apartment for rent,Sheridan Ave,Bronx,NY,10457,"$1,300/mo","Studio , 1 ba , -- sqft",,https://www.zillow.com/homedetails/Sheridan-Ave-Bronx-NY-10457/2103750800_zpid/
Apartment for rent,Putnam Pl,Bronx,NY,10467,"$1,300/mo","Studio , 1 ba , -- sqft",,https://www.zillow.com/homedetails/Putnam-Pl-Bronx-NY-10467/2091477072_zpid/
Apartment for rent,2758 Holland Ave,Bronx,NY,10467,"$1,300/mo","1 bd , 1 ba , -- sqft",,https://www.zillow.com/homedetails/2758-Holland-Ave-Bronx-NY-10467/2106978077_zpid/
Apartment for rent,2788 Claflin Ave,Bronx,NY,10468,"$1,300/mo","Studio , 1 ba , 2,000 sqft",,https://www.zillow.com/homedetails/2788-Claflin-Ave-Bronx-NY-10468/29786827_zpid/
For Rent,,,,,,"0 $1,300 1 $1,400",,"https://www.zillow.com/b/3405-Putnam-Pl-Bronx-NY/40.879219,-73.87601_ll/"
Apartment for rent,E 213th St,Bronx,NY,10467,"$1,300/mo","Studio , 1 ba , -- sqft",,https://www.zillow.com/homedetails/E-213th-St-Bronx-NY-10467/2085463172_zpid/
Apartment for rent,E 213th St,Bronx,NY,10467,"$1,300/mo","Studio , 1 ba , -- sqft",,https://www.zillow.com/homedetails/E-213th-St-Bronx-NY-10467/2085520539_zpid/
Apartment for rent,E 213th St,Bronx,NY,10467,"$1,300/mo","Studio , 1 ba , -- sqft",,https://www.zillow.com/homedetails/E-213th-St-Bronx-NY-10467/2085443992_zpid/
Apartment for rent,E 213th St,Bronx,NY,10467,"$1,300/mo","Studio , 1 ba , -- sqft",,https://www.zillow.com/homedetails/E-213th-St-Bronx-NY-10467/2085457245_zpid/
Apartment for rent,E 213th St,Bronx,NY,10467,"$1,300/mo","Studio , 1 ba , -- sqft",,https://www.zillow.com/homedetails/E-213th-St-Bronx-NY-10467/2085474583_zpid/
Apartment for rent,E 213th St,Bronx,NY,10467,"$1,300/mo","Studio , 1 ba , 1,200 sqft",,https://www.zillow.com/homedetails/E-213th-St-Bronx-NY-10467/2100216879_zpid/
Apartment for rent,White Plains Rd,Bronx,NY,10470,"$1,300/mo","Studio , 1 ba , -- sqft",,https://www.zillow.com/homedetails/White-Plains-Rd-Bronx-NY-10470/2107874683_zpid/
Apartment for rent,E 211th St,Bronx,NY,10467,"$1,300/mo","Studio , 1 ba , -- sqft",,https://www.zillow.com/homedetails/E-211th-St-Bronx-NY-10467/2085623856_zpid/
Apartment for rent,E 9th St,Brooklyn,NY,11223,"$1,325/mo","Studio , 1 ba , -- sqft",,https://www.zillow.com/homedetails/E-9th-St-Brooklyn-NY-11223/2085459058_zpid/
Apartment for rent,194 Tompkins Ave,Staten Island,NY,10304,"$1,325/mo","Studio , 1 ba , -- sqft",,https://www.zillow.com/homedetails/194-Tompkins-Ave-Staten-Island-NY-10304/2104736994_zpid/
Apartment for rent,75th Avenue Flushing Ny #,Flushing,NY,11367,"$1,325/mo","Studio , 1 ba , 350 sqft",,https://www.zillow.com/homedetails/75th-Avenue-Flushing-Ny-Flushing-NY-11367/2085714015_zpid/
Apartment for rent,Barnes Ave,Bronx,NY,10462,"$1,325/mo","Studio , 1 ba , -- sqft",,https://www.zillow.com/homedetails/Barnes-Ave-Bronx-NY-10462/2103357940_zpid/
Apartment for rent,Barnes Ave,Bronx,NY,10462,"$1,325/mo","Studio , 1 ba , -- sqft",,https://www.zillow.com/homedetails/Barnes-Ave-Bronx-NY-10462/2085917766_zpid/
Story Tower,,,,,,"0 $1,325+ 1 $1,450+ 2 $1,750+ 3 $2,350+",,https://www.zillow.com/b/story-tower-bronx-ny-2dkh/
Apartment for rent,2230 Ryer Ave # 1,Bronx,NY,10457,"$1,325/mo","1 bd , 1 ba , -- sqft",,https://www.zillow.com/homedetails/2230-Ryer-Ave-1-Bronx-NY-10457/2086013157_zpid/
Apartment for rent,2181 Ryer Ave,Bronx,NY,10457,"$1,325/mo","1 bd , 1 ba , 580 sqft",,https://www.zillow.com/homedetails/2181-Ryer-Ave-Bronx-NY-10457/29785840_zpid/
Apartment for rent,2876 Jerome Ave APT 6B,Bronx,NY,10468,"$1,325/mo","Studio , 1 ba , 500 sqft",,https://www.zillow.com/homedetails/2876-Jerome-Ave-APT-6B-Bronx-NY-10468/2089526237_zpid/
Apartment for rent,1018 E 163rd St,Bronx,NY,10459,"$1,346/mo","1 bd , 1 ba , -- sqft",,https://www.zillow.com/homedetails/1018-E-163rd-St-Bronx-NY-10459/2094473005_zpid/
Wavecrest Gardens,,,,,,"0 $1,349+ 1 $1,557+ 2 $1,832+",,"https://www.zillow.com/b/Wavecrest-Gardens-Far-Rockaway-NY/40.595468,-73.75555_ll/"
Apartment for rent,(undisclosed Address),Brooklyn,NY,11223,"$1,350/mo","Studio , 1 ba , -- sqft",,https://www.zillow.com/homedetails/(undisclosed-Address)-Brooklyn-NY-11223/2113832964_zpid/
Apartment for rent,West St,BROOKLYN,NY,11223,"$1,350/mo","1 bd , 1 ba , 650 sqft",,https://www.zillow.com/homedetails/West-St-Brooklyn-NY-11223/2085442601_zpid/
Apartment for rent,23 Justin Ave,Staten Island,NY,10306,"$1,350/mo","1 bd , 1 ba , 700 sqft",,https://www.zillow.com/homedetails/23-Justin-Ave-Staten-Island-NY-10306/32344706_zpid/
Apartment for rent,106 South Ave # 1,Staten Island,NY,10303,"$1,350/mo","1 bd , 1 ba , -- sqft",,https://www.zillow.com/homedetails/106-South-Ave-1-Staten-Island-NY-10303/2086036362_zpid/
Apartment for rent,1522 Eastern Pkwy APT 2D,Brooklyn,NY,11233,"$1,350/mo","Studio , 1 ba , -- sqft",,https://www.zillow.com/homedetails/1522-Eastern-Pkwy-APT-2D-Brooklyn-NY-11233/2116835533_zpid/
Apartment for rent,49 Nixon Ct # BH2,Brooklyn,NY,11223,"$1,350/mo","Studio , 1 ba , 300 sqft",,https://www.zillow.com/homedetails/49-Nixon-Ct-BH2-Brooklyn-NY-11223/2086814234_zpid/
For Rent,,,,,,"0 $1,350 2 $2,100",,"https://www.zillow.com/b/145-Sea-Breeze-Ave-Brooklyn-NY/40.57605,-73.970452_ll/"
For Rent,,,,,,"0 $1,350 1 $1,425+",,"https://www.zillow.com/b/1000-Targee-St-Staten-Island-NY/40.604086,-74.091599_ll/"
House for rent,N Railroad Ave,Staten Island,NY,10304,"$1,350/mo","1 bd , 1 ba , -- sqft",,https://www.zillow.com/homedetails/N-Railroad-Ave-Staten-Island-NY-10304/2085333809_zpid/
For Rent,,,,,,"0 $1,350+",,https://www.zillow.com/b/755-narrows-rd-n-staten-island-ny-8Sz6/
Apartment for rent,Amboy Rd,Staten Island,NY,10306,"$1,350/mo","1 bd , 1 ba , 800 sqft",,https://www.zillow.com/homedetails/Amboy-Rd-Staten-Island-NY-10306/2085560482_zpid/
Apartment for rent,8 Hendricks Ave # 1D,Staten Island,NY,10301,"$1,350/mo","1 bd , 1 ba , -- sqft",,https://www.zillow.com/homedetails/8-Hendricks-Ave-1D-Staten-Island-NY-10301/2085562528_zpid/
Townhouse for rent,23 Latourette Ln,Staten Island,NY,10314,"$1,350/mo","1 bd , 1 ba , 2,567 sqft",,https://www.zillow.com/homedetails/23-Latourette-Ln-Staten-Island-NY-10314/32308297_zpid/
For Rent,,,,,,"0 $1,350 1 $1,550",,"https://www.zillow.com/b/10620-Shore-Front-Pkwy-Rockaway-Park-NY/40.581614,-73.827468_ll/"
Townhouse for rent,(undisclosed Address),Brooklyn,NY,11208,"$1,350/mo","1 bd , 1 ba , -- sqft",,https://www.zillow.com/homedetails/(undisclosed-Address)-Brooklyn-NY-11208/2139306886_zpid/
Apartment for rent,(undisclosed Address),Brooklyn,NY,11235,"$1,350/mo","Studio , 1 ba , 1,200 sqft",,https://www.zillow.com/homedetails/(undisclosed-Address)-Brooklyn-NY-11235/2114216105_zpid/
Apartment for rent,71st St,Glendale,NY,11385,"$1,350/mo","Studio , 1 ba , -- sqft",,https://www.zillow.com/homedetails/71st-St-Glendale-NY-11385/2085491965_zpid/
House for rent,N Railroad Ave,Staten Island,NY,10304,"$1,350/mo","1 bd , 1 ba , -- sqft",,https://www.zillow.com/homedetails/N-Railroad-Ave-Staten-Island-NY-10304/2085333809_zpid/
Apartment for rent,Amboy Rd,Staten Island,NY,10306,"$1,350/mo","1 bd , 1 ba , 800 sqft",,https://www.zillow.com/homedetails/Amboy-Rd-Staten-Island-NY-10306/2085560482_zpid/
Apartment for rent,Green Valley Rd,STATEN ISLAND,NY,10312,"$1,350/mo","1 bd , 1 ba , 600 sqft",,https://www.zillow.com/homedetails/Green-Valley-Rd-Staten-Island-NY-10312/2085367883_zpid/
Apartment for rent,Shore Front Pkwy,Rockaway Park,NY,11694,"$1,350/mo","Studio , 1 ba , 661 sqft",,https://www.zillow.com/homedetails/Shore-Front-Pkwy-Rockaway-Park-NY-11694/2085529953_zpid/
Apartment for rent,Eldert Ln,BROOKLYN,NY,11208,"$1,350/mo","1 bd , 1 ba , 1,022 sqft",,https://www.zillow.com/homedetails/Eldert-Ln-Brooklyn-NY-11208/2085485450_zpid/
Apartment for rent,Oliver Pl,Staten Island,NY,10314,"$1,350/mo","1 bd , 1 ba , -- sqft",,https://www.zillow.com/homedetails/Oliver-Pl-Staten-Island-NY-10314/2102574284_zpid/
Apartment for rent,W 11th St,BROOKLYN,NY,11223,"$1,350/mo","1 bd , 1 ba , -- sqft",,https://www.zillow.com/homedetails/W-11th-St-Brooklyn-NY-11223/2086361080_zpid/
Apartment for rent,(undisclosed Address),Brooklyn,NY,11223,"$1,350/mo","Studio , 1 ba , -- sqft",,https://www.zillow.com/homedetails/(undisclosed-Address)-Brooklyn-NY-11223/2113832964_zpid/
Apartment for rent,14724 88th Ave # 5A,Jamaica,NY,11435,"$1,350/mo","Studio , 1 ba , 500 sqft",,https://www.zillow.com/homedetails/14724-88th-Ave-5A-Jamaica-NY-11435/2085532070_zpid/
Apartment for rent,106 South Ave # 1,Staten Island,NY,10303,"$1,350/mo","1 bd , 1 ba , -- sqft",,https://www.zillow.com/homedetails/106-South-Ave-1-Staten-Island-NY-10303/2086036362_zpid/
Apartment for rent,49 Nixon Ct # BH2,Brooklyn,NY,11223,"$1,350/mo","Studio , 1 ba , 300 sqft",,https://www.zillow.com/homedetails/49-Nixon-Ct-BH2-Brooklyn-NY-11223/2086814234_zpid/
For Rent,,,,,,"0 $1,350+",,https://www.zillow.com/b/755-narrows-rd-n-staten-island-ny-8Sz6/
Apartment for rent,16420 Highland Ave APT 7K,Jamaica,NY,11432,"$1,350/mo","Studio , 1 ba , 115,312 sqft",,https://www.zillow.com/homedetails/16420-Highland-Ave-APT-7K-Jamaica-NY-11432/245426257_zpid/
For Rent,,,,,,"0 $1,350 2 $1,925+",,"https://www.zillow.com/b/2612-West-St-Brooklyn-NY/40.585131,-73.96966_ll/"
Apartment for rent,2661 W 2nd St # STG,Brooklyn,NY,11223,"$1,350/mo","Studio , 1 ba , 299 sqft",,https://www.zillow.com/homedetails/2661-W-2nd-St-STG-Brooklyn-NY-11223/2085967743_zpid/
Apartment for rent,655 E 34th St # 1B,Brooklyn,NY,11203,"$1,350/mo","Studio , 1 ba , 400 sqft",,https://www.zillow.com/homedetails/655-E-34th-St-1B-Brooklyn-NY-11203/2085321458_zpid/
Apartment for rent,91 Hanover Ave,STATEN ISLAND,NY,10309,"$1,350/mo","1 bd , 1 ba , 2,976 sqft",,https://www.zillow.com/homedetails/91-Hanover-Ave-Staten-Island-NY-10309/32367733_zpid/
Apartment for rent,23 Justin Ave,Staten Island,NY,10306,"$1,350/mo","1 bd , 1 ba , 700 sqft",,https://www.zillow.com/homedetails/23-Justin-Ave-Staten-Island-NY-10306/32344706_zpid/
Apartment for rent,8 Hendricks Ave # 1D,Staten Island,NY,10301,"$1,350/mo","1 bd , 1 ba , -- sqft",,https://www.zillow.com/homedetails/8-Hendricks-Ave-1D-Staten-Island-NY-10301/2085562528_zpid/
Apartment for rent,235 Quentin Rd,Brooklyn,NY,11223,"$1,350/mo","1 bd , 1 ba , -- sqft",,https://www.zillow.com/homedetails/235-Quentin-Rd-Brooklyn-NY-11223/2103997195_zpid/
Apartment for rent,2682 West St # BHG,Brooklyn,NY,11223,"$1,350/mo","Studio , 1 ba , 300 sqft",,https://www.zillow.com/homedetails/2682-West-St-BHG-Brooklyn-NY-11223/2085402105_zpid/
For Rent,,,,,,"0 $1,350 1 $1,550",,"https://www.zillow.com/b/10620-Shore-Front-Pkwy-Rockaway-Park-NY/40.581614,-73.827468_ll/"
Apartment for rent,West St,BROOKLYN,NY,11223,"$1,350/mo","1 bd , 1 ba , 650 sqft",,https://www.zillow.com/homedetails/West-St-Brooklyn-NY-11223/2085442601_zpid/
Apartment for rent,Demopolis Ave,Staten Island,NY,10308,"$1,350/mo","1 bd , 1 ba , -- sqft",,https://www.zillow.com/homedetails/Demopolis-Ave-Staten-Island-NY-10308/2096617777_zpid/
Apartment for rent,Eldert Ln,BROOKLYN,NY,11208,"$1,350/mo","1 bd , 1 ba , 1,022 sqft",,https://www.zillow.com/homedetails/Eldert-Ln-Brooklyn-NY-11208/2085485450_zpid/
Apartment for rent,Amboy Rd,Staten Island,NY,10306,"$1,350/mo","1 bd , 1 ba , 800 sqft",,https://www.zillow.com/homedetails/Amboy-Rd-Staten-Island-NY-10306/2085560482_zpid/
Apartment for rent,91 Vista Ave # 1,Staten Island,NY,10304,"$1,350/mo","1 bd , 1 ba , -- sqft",,https://www.zillow.com/homedetails/91-Vista-Ave-1-Staten-Island-NY-10304/2086180220_zpid/
Apartment for rent,49 Nixon Ct # BH2,Brooklyn,NY,11223,"$1,350/mo","Studio , 1 ba , 300 sqft",,https://www.zillow.com/homedetails/49-Nixon-Ct-BH2-Brooklyn-NY-11223/2086814234_zpid/
For Rent,,,,,,"0 $1,350 2 $2,100",,"https://www.zillow.com/b/145-Sea-Breeze-Ave-Brooklyn-NY/40.57605,-73.970452_ll/"
Apartment for rent,29 Murdock Ct APT 1F,Brooklyn,NY,11223,"$1,350/mo","Studio , -- ba , 300 sqft",,https://www.zillow.com/homedetails/29-Murdock-Ct-APT-1F-Brooklyn-NY-11223/2101087104_zpid/
Apartment for rent,235 Quentin Rd,Brooklyn,NY,11223,"$1,350/mo","1 bd , 1 ba , -- sqft",,https://www.zillow.com/homedetails/235-Quentin-Rd-Brooklyn-NY-11223/2103997195_zpid/
Apartment for rent,35th Ave,Flushing,NY,11354,"$1,350/mo","Studio , 1 ba , -- sqft",,https://www.zillow.com/homedetails/35th-Ave-Flushing-NY-11354/2085406668_zpid/
Apartment for rent,Frisby Ave,Bronx,NY,10461,"$1,350/mo","Studio , 1 ba , -- sqft",,https://www.zillow.com/homedetails/Frisby-Ave-Bronx-NY-10461/2085418064_zpid/
Apartment for rent,Frisby Ave,Bronx,NY,10461,"$1,350/mo","Studio , 1 ba , -- sqft",,https://www.zillow.com/homedetails/Frisby-Ave-Bronx-NY-10461/2085369632_zpid/
Apartment for rent,(undisclosed Address),Bronx,NY,10467,"$1,350/mo","Studio , 1 ba , -- sqft",,https://www.zillow.com/homedetails/(undisclosed-Address)-Bronx-NY-10467/2124513168_zpid/
Apartment for rent,(undisclosed Address),Bronx,NY,10464,"$1,350/mo","Studio , 1 ba , -- sqft",,https://www.zillow.com/homedetails/(undisclosed-Address)-Bronx-NY-10464/2108865760_zpid/
Apartment for rent,Wallace Ave,Bronx,NY,10467,"$1,350/mo","1 bd , 1 ba , -- sqft",,https://www.zillow.com/homedetails/Wallace-Ave-Bronx-NY-10467/2085728664_zpid/
Apartment for rent,Waring Ave,Bronx,NY,10467,"$1,350/mo","1 bd , 1 ba , 680 sqft",,https://www.zillow.com/homedetails/Waring-Ave-Bronx-NY-10467/2103848914_zpid/
Apartment for rent,E 196th St,Bronx,NY,10468,"$1,350/mo","Studio , 1 ba , -- sqft",,https://www.zillow.com/homedetails/E-196th-St-Bronx-NY-10468/2085649191_zpid/
Apartment for rent,Unionport Rd,Bronx,NY,10462,"$1,350/mo","Studio , 1 ba , -- sqft",,https://www.zillow.com/homedetails/Unionport-Rd-Bronx-NY-10462/2085565501_zpid/
Apartment for rent,Tiebout Ave,Bronx,NY,10458,"$1,350/mo","1 bd , 1 ba , -- sqft",,https://www.zillow.com/homedetails/Tiebout-Ave-Bronx-NY-10458/2085425407_zpid/
Apartment for rent,3408 Ely Ave,Bronx,NY,10469,"$1,350/mo","1 bd , 1 ba , 350 sqft",,https://www.zillow.com/homedetails/3408-Ely-Ave-Bronx-NY-10469/29833976_zpid/
Apartment for rent,2121 Paulding Ave APT 3B,Bronx,NY,10462,"$1,350/mo","Studio , 1 ba , 153,804 sqft",,https://www.zillow.com/homedetails/2121-Paulding-Ave-APT-3B-Bronx-NY-10462/244470923_zpid/
House for rent,3214 Fenton Ave,Bronx,NY,10469,"$1,350/mo","Studio , 1 ba , 1,280 sqft",,https://www.zillow.com/homedetails/3214-Fenton-Ave-Bronx-NY-10469/29829768_zpid/
Apartment for rent,1166 Cromwell Ave,Bronx,NY,10452,"$1,350/mo","Studio , 1 ba , -- sqft",,https://www.zillow.com/homedetails/1166-Cromwell-Ave-Bronx-NY-10452/2085675004_zpid/
For Rent,,,,,,"0 $1,350 2 $2,550",,"https://www.zillow.com/b/13705-Franklin-Ave-Flushing-NY/40.754946,-73.827006_ll/"
14943 35th Avenue,,,,,,"0 $1,350 2 $2,300+",,https://www.zillow.com/b/14943-35th-avenue-flushing-ny-5YDkNg/
Apartment for rent,Frisby Ave,Bronx,NY,10461,"$1,350/mo","Studio , 1 ba , -- sqft",,https://www.zillow.com/homedetails/Frisby-Ave-Bronx-NY-10461/2085369632_zpid/
Apartment for rent,Frisby Ave,Bronx,NY,10461,"$1,350/mo","Studio , 1 ba , -- sqft",,https://www.zillow.com/homedetails/Frisby-Ave-Bronx-NY-10461/2085418064_zpid/
Apartment for rent,(undisclosed Address),Bronx,NY,10467,"$1,350/mo","Studio , 1 ba , -- sqft",,https://www.zillow.com/homedetails/(undisclosed-Address)-Bronx-NY-10467/2124513168_zpid/
Apartment for rent,Wallace Ave,Bronx,NY,10467,"$1,350/mo","1 bd , 1 ba , -- sqft",,https://www.zillow.com/homedetails/Wallace-Ave-Bronx-NY-10467/2085728664_zpid/
Apartment for rent,Sheridan Ave,Bronx,NY,10457,"$1,350/mo","Studio , 1 ba , -- sqft",,https://www.zillow.com/homedetails/Sheridan-Ave-Bronx-NY-10457/2086114217_zpid/
Apartment for rent,Unionport Rd,Bronx,NY,10462,"$1,350/mo","Studio , 1 ba , -- sqft",,https://www.zillow.com/homedetails/Unionport-Rd-Bronx-NY-10462/2085565501_zpid/
Apartment for rent,Unionport Rd,Bronx,NY,10462,"$1,350/mo","Studio , 1 ba , -- sqft",,https://www.zillow.com/homedetails/Unionport-Rd-Bronx-NY-10462/2085565176_zpid/
Apartment for rent,Tiebout Ave,Bronx,NY,10458,"$1,350/mo","1 bd , 1 ba , -- sqft",,https://www.zillow.com/homedetails/Tiebout-Ave-Bronx-NY-10458/2085425407_zpid/
Apartment for rent,Cromwell Ave,Bronx,NY,10452,"$1,350/mo","Studio , 1 ba , -- sqft",,https://www.zillow.com/homedetails/Cromwell-Ave-Bronx-NY-10452/2091775451_zpid/
Apartment for rent,2713 Webb Ave,Bronx,NY,10468,"$1,350/mo","Studio , 1 ba , -- sqft",,https://www.zillow.com/homedetails/2713-Webb-Ave-Bronx-NY-10468/2100268987_zpid/
Apartment for rent,3109 Roberts Ave APT 1C,Bronx,NY,10461,"$1,350/mo","1 bd , 1 ba , 950 sqft",,https://www.zillow.com/homedetails/3109-Roberts-Ave-APT-1C-Bronx-NY-10461/2118836818_zpid/
Apartment for rent,3722 99th St # EE5,Corona,NY,11368,"$1,350/mo","Studio , 1 ba , -- sqft",,https://www.zillow.com/homedetails/3722-99th-St-EE5-Corona-NY-11368/2085837993_zpid/
Apartment for rent,2108 Ryer Ave # 1,Bronx,NY,10457,"$1,350/mo","1 bd , 1 ba , -- sqft",,https://www.zillow.com/homedetails/2108-Ryer-Ave-1-Bronx-NY-10457/2085599234_zpid/
Apartment for rent,2362 Davidson Ave,Bronx,NY,10468,"$1,350/mo","1 bd , 1 ba , 2,400 sqft",,https://www.zillow.com/homedetails/2362-Davidson-Ave-Bronx-NY-10468/29786102_zpid/
Apartment for rent,2187 Holland Ave,Bronx,NY,10462,"$1,350/mo","1 bd , 1 ba , 800 sqft",,https://www.zillow.com/homedetails/2187-Holland-Ave-Bronx-NY-10462/29818712_zpid/
Apartment for rent,1216 Grand Concourse,Bronx,NY,10456,"$1,350/mo","Studio , 1 ba , -- sqft",,https://www.zillow.com/homedetails/1216-Grand-Concourse-Bronx-NY-10456/2085674313_zpid/
Apartment for rent,3081 Decatur Ave APT 1C,Bronx,NY,10467,"$1,350/mo","Studio , 1 ba , 425 sqft",,https://www.zillow.com/homedetails/3081-Decatur-Ave-APT-1C-Bronx-NY-10467/2085443809_zpid/
Apartment for rent,3534 Bronx Blvd APT 3I,Bronx,NY,10467,"$1,350/mo","Studio , 1 ba , -- sqft",,https://www.zillow.com/homedetails/3534-Bronx-Blvd-APT-3I-Bronx-NY-10467/2118947436_zpid/
Apartment for rent,1777 Grand Concourse APT 5D,Bronx,NY,10453,"$1,350/mo","Studio , 1 ba , -- sqft",,https://www.zillow.com/homedetails/1777-Grand-Concourse-APT-5D-Bronx-NY-10453/2086893569_zpid/
House for rent,3214 Fenton Ave,Bronx,NY,10469,"$1,350/mo","Studio , 1 ba , 1,280 sqft",,https://www.zillow.com/homedetails/3214-Fenton-Ave-Bronx-NY-10469/29829768_zpid/
Apartment for rent,E 242nd St,Bronx,NY,10470,"$1,350/mo","Studio , 1 ba , -- sqft",,https://www.zillow.com/homedetails/E-242nd-St-Bronx-NY-10470/2102486002_zpid/
Apartment for rent,Putnam Pl,Bronx,NY,10467,"$1,350/mo","Studio , 1 ba , -- sqft",,https://www.zillow.com/homedetails/Putnam-Pl-Bronx-NY-10467/2085544807_zpid/
Apartment for rent,Putnam Pl,Bronx,NY,10467,"$1,350/mo","Studio , 1 ba , -- sqft",,https://www.zillow.com/homedetails/Putnam-Pl-Bronx-NY-10467/2085518231_zpid/
Apartment for rent,E 216th St,Bronx,NY,10467,"$1,350/mo","1 bd , 1 ba , 850 sqft",,https://www.zillow.com/homedetails/E-216th-St-Bronx-NY-10467/2086685704_zpid/
Apartment for rent,3595 Bainbridge Ave,Bronx,NY,10467,"$1,350/mo","Studio , 1 ba , -- sqft",,https://www.zillow.com/homedetails/3595-Bainbridge-Ave-Bronx-NY-10467/2097358101_zpid/
Apartment for rent,Ocean Ave,BROOKLYN,NY,11229,"$1,374/mo","1 bd , 1 ba , 2,356 sqft",,https://www.zillow.com/homedetails/Ocean-Ave-Brooklyn-NY-11229/2085479203_zpid/
Apartment for rent,Foothill Ct,STATEN ISLAND,NY,10309,"$1,375/mo","1 bd , 1 ba , 650 sqft",,https://www.zillow.com/homedetails/Foothill-Ct-Staten-Island-NY-10309/2085380937_zpid/
Apartment for rent,Grantwood Ave,Staten Island,NY,10312,"$1,375/mo","1 bd , 1 ba , -- sqft",,https://www.zillow.com/homedetails/Grantwood-Ave-Staten-Island-NY-10312/2085626750_zpid/
Apartment for rent,11th Ave,BROOKLYN,NY,11228,"$1,375/mo","1 bd , 1 ba , -- sqft",,https://www.zillow.com/homedetails/11th-Ave-Brooklyn-NY-11228/2086309418_zpid/
Apartment for rent,Leverett Ave,Staten Island,NY,10312,"$1,375/mo","1 bd , 1 ba , -- sqft",,https://www.zillow.com/homedetails/Leverett-Ave-Staten-Island-NY-10312/2088278488_zpid/
Apartment for rent,1415 71st St,Brooklyn,NY,11228,"$1,375/mo","1 bd , 1 ba , 3,000 sqft",,https://www.zillow.com/homedetails/1415-71st-St-Brooklyn-NY-11228/30703247_zpid/
For Rent,,,,,,"0 $1,375 2 $1,850",,https://www.zillow.com/b/14220-84th-dr-jamaica-ny-5YCWnj/
Condo for rent,657 Leverett Ave,Staten Island,NY,10312,"$1,375/mo","1 bd , 1 ba , 500 sqft",,https://www.zillow.com/homedetails/657-Leverett-Ave-Staten-Island-NY-10312/2091864875_zpid/
House for rent,257 Grantwood Ave,Staten Island,NY,10312,"$1,375/mo","1 bd , 1 ba , 2,281 sqft",,https://www.zillow.com/homedetails/257-Grantwood-Ave-Staten-Island-NY-10312/32358033_zpid/
For Rent,,,,,,"0 $1,375 1 $1,700+",,"https://www.zillow.com/b/3165-Nostrand-Ave-Brooklyn-NY/40.606699,-73.942734_ll/"
Apartment for rent,2612 W 2nd St # ST,Brooklyn,NY,11223,"$1,375/mo","Studio , 1 ba , 280 sqft",,https://www.zillow.com/homedetails/2612-W-2nd-St-ST-Brooklyn-NY-11223/2085911660_zpid/
House for rent,Bronxwood Ave,BRONX,NY,10469,"$1,375/mo","1 bd , 1 ba , 2,984 sqft",,https://www.zillow.com/homedetails/Bronxwood-Ave-Bronx-NY-10469/2085567255_zpid/
Apartment for rent,1954 Unionport Rd APT 2D,Bronx,NY,10462,"$1,375/mo","Studio , 1 ba , 829 sqft",,https://www.zillow.com/homedetails/1954-Unionport-Rd-APT-2D-Bronx-NY-10462/2088281827_zpid/
Apartment for rent,4949 Fresh Meadow Ln,Flushing,NY,11365,"$1,375/mo","Studio , 1 ba , 2,052 sqft",,https://www.zillow.com/homedetails/4949-Fresh-Meadow-Ln-Flushing-NY-11365/32050913_zpid/
Apartment for rent,6485 Saunders St APT C1,Rego Park,NY,11374,"$1,375/mo","Studio , 1 ba , 500 sqft",,https://www.zillow.com/homedetails/6485-Saunders-St-APT-C1-Rego-Park-NY-11374/2085446714_zpid/
For Rent,,,,,,"0 $1,375+",,"https://www.zillow.com/b/354-E-Mosholu-Pkwy-S-Bronx-NY/40.870038,-73.882093_ll/"
Apartment for rent,2120 Crotona Ave APT 27,Bronx,NY,10457,"$1,375/mo","1 bd , 1 ba , -- sqft",,https://www.zillow.com/homedetails/2120-Crotona-Ave-APT-27-Bronx-NY-10457/2094895407_zpid/
Apartment for rent,1247 Leland Ave # 1,Bronx,NY,10472,"$1,375/mo","1 bd , 1 ba , -- sqft",,https://www.zillow.com/homedetails/1247-Leland-Ave-1-Bronx-NY-10472/2086678868_zpid/
House for rent,1000 Boynton Ave,Bronx,NY,10472,"$1,375/mo","1 bd , 1 ba , 2,717 sqft",,https://www.zillow.com/homedetails/1000-Boynton-Ave-Bronx-NY-10472/79724540_zpid/
Apartment for rent,Putnam Pl,Bronx,NY,10467,"$1,375/mo","Studio , 1 ba , -- sqft",,https://www.zillow.com/homedetails/Putnam-Pl-Bronx-NY-10467/2085520223_zpid/
Apartment for rent,3511 Putnam Pl APT 1F,Bronx,NY,10467,"$1,375/mo","Studio , 1 ba , -- sqft",,https://www.zillow.com/homedetails/3511-Putnam-Pl-APT-1F-Bronx-NY-10467/2085565269_zpid/
Apartment for rent,Erika Loop,Staten Island,NY,10312,"$1,395/mo","1 bd , 1 ba , 750 sqft",,https://www.zillow.com/homedetails/Erika-Loop-Staten-Island-NY-10312/2085483982_zpid/
Apartment for rent,687 86th St # 5,Brooklyn,NY,11228,"$1,395/mo","Studio , 1 ba , 500 sqft",,https://www.zillow.com/homedetails/687-86th-St-5-Brooklyn-NY-11228/2093484228_zpid/
For Rent,,,,,,"0 $1,395 1 $1,875",,"https://www.zillow.com/b/9747-Shore-Rd-Brooklyn-NY/40.614167,-74.036768_ll/"
Apartment for rent,1859 E 29th St # 1,Brooklyn,NY,11229,"$1,395/mo","Studio , 1 ba , -- sqft",,https://www.zillow.com/homedetails/1859-E-29th-St-1-Brooklyn-NY-11229/2085349987_zpid/
Apartment for rent,Erika Loop,STATEN ISLAND,NY,10312,"$1,395/mo","1 bd , 1 ba , 750 sqft",,https://www.zillow.com/homedetails/Erika-Loop-Staten-Island-NY-10312/2085939139_zpid/
Apartment for rent,1859 E 29th St # 1,Brooklyn,NY,11229,"$1,395/mo","Studio , 1 ba , -- sqft",,https://www.zillow.com/homedetails/1859-E-29th-St-1-Brooklyn-NY-11229/2085349987_zpid/
For Rent,,,,,,"0 $1,395 1 $1,875",,"https://www.zillow.com/b/9747-Shore-Rd-Brooklyn-NY/40.614167,-74.036768_ll/"
Apartment for rent,210th St,Bayside,NY,11361,"$1,395/mo","Studio , 1 ba , 400 sqft",,https://www.zillow.com/homedetails/210th-St-Bayside-NY-11361/2102134120_zpid/
Apartment for rent,42 Avenue Bayside Ny,Bayside,NY,11361,"$1,395/mo","Studio , 1 ba , 400 sqft",,https://www.zillow.com/homedetails/42-Avenue-Bayside-Ny-Bayside-NY-11361/2085884001_zpid/
Apartment for rent,212 Street Bayside Ny,Bayside,NY,11361,"$1,395/mo","Studio , 1 ba , 450 sqft",,https://www.zillow.com/homedetails/212-Street-Bayside-Ny-Bayside-NY-11361/2086740182_zpid/
Apartment for rent,14306 Barclay Ave APT 5C,Flushing,NY,11355,"$1,395/mo","Studio , 1 ba , -- sqft",,https://www.zillow.com/homedetails/14306-Barclay-Ave-APT-5C-Flushing-NY-11355/2085502448_zpid/
Apartment for rent,667 E 187th St APT 8,Bronx,NY,10458,"$1,395/mo","1 bd , 1 ba , -- sqft",,https://www.zillow.com/homedetails/667-E-187th-St-APT-8-Bronx-NY-10458/2085858714_zpid/
For Rent,,,,,,"0 $1,395+",,"https://www.zillow.com/b/1500-Grand-Concourse-Bronx-NY/40.841174,-73.912137_ll/"
Apartment for rent,E 234th St,Bronx,NY,10470,"$1,395/mo","1 bd , 1 ba , 1,200 sqft",,https://www.zillow.com/homedetails/E-234th-St-Bronx-NY-10470/2085348180_zpid/
Apartment for rent,Webster Ave,BRONX,NY,10470,"$1,395/mo","1 bd , 1 ba , 1,200 sqft",,https://www.zillow.com/homedetails/Webster-Ave-Bronx-NY-10470/2088757237_zpid/
Apartment for rent,312 E 239th St # 5V,Bronx,NY,10470,"$1,395/mo","1 bd , 1 ba , -- sqft",,https://www.zillow.com/homedetails/312-E-239th-St-5V-Bronx-NY-10470/2086700541_zpid/
For Rent,,,,,,"1 $1,395+",,"https://www.zillow.com/b/301-E-239th-St-Bronx-NY/40.900469,-73.867526_ll/"
Apartment for rent,86th St,BROOKLYN,NY,11228,"$1,399/mo","1 bd , 1 ba , -- sqft",,https://www.zillow.com/homedetails/86th-St-Brooklyn-NY-11228/2086341762_zpid/
Apartment for rent,1844 W 11th St,BROOKLYN,NY,11223,"$1,399/mo","1 bd , 1 ba , 500 sqft",,https://www.zillow.com/homedetails/1844-W-11th-St-Brooklyn-NY-11223/30722584_zpid/
Apartment for rent,14719 20th Rd,Flushing,NY,11357,"$1,399/mo","1 bd , 1 ba , 1,800 sqft",,https://www.zillow.com/homedetails/14719-20th-Rd-Flushing-NY-11357/32030235_zpid/
Condo for rent,1213 Avenue Z,Brooklyn,NY,11235,"$1,400/mo","Studio , 1 ba , 500 sqft",,https://www.zillow.com/homedetails/1213-Avenue-Z-Brooklyn-NY-11235/30748661_zpid/
Apartment for rent,254 Quentin Rd,Brooklyn,NY,11223,"$1,400/mo","Studio , 1 ba , 400 sqft",,https://www.zillow.com/homedetails/254-Quentin-Rd-Brooklyn-NY-11223/2104137005_zpid/
Apartment for rent,11902 91st Ave APT 4C,Richmond Hill,NY,11418,"$1,400/mo","Studio , 1 ba , 500 sqft",,https://www.zillow.com/homedetails/11902-91st-Ave-APT-4C-Richmond-Hill-NY-11418/2086059894_zpid/
Apartment for rent,9 Cebra Ave FL 2ND,Staten Island,NY,10301,"$1,400/mo","1 bd , 1 ba , -- sqft",,https://www.zillow.com/homedetails/9-Cebra-Ave-FL-2ND-Staten-Island-NY-10301/2085354784_zpid/
Apartment for rent,201 Brighton 1st Rd APT 2L,Brooklyn,NY,11235,"$1,400/mo","Studio , 1 ba , 450 sqft",,https://www.zillow.com/homedetails/201-Brighton-1st-Rd-APT-2L-Brooklyn-NY-11235/2092547607_zpid/
For Rent,,,,,,"0 $1,400 1 $2,000",,"https://www.zillow.com/b/40-Brighton-1st-Rd-Brooklyn-NY/40.575478,-73.967109_ll/"
House for rent,226 Abingdon Ave,STATEN ISLAND,NY,10308,"$1,400/mo","1 bd , 1 ba , 1,336 sqft",,https://www.zillow.com/homedetails/226-Abingdon-Ave-Staten-Island-NY-10308/32353137_zpid/
Apartment for rent,215 Hart Blvd # 3,Staten Island,NY,10301,"$1,400/mo","1 bd , 1 ba , -- sqft",,https://www.zillow.com/homedetails/215-Hart-Blvd-3-Staten-Island-NY-10301/2089309762_zpid/
Apartment for rent,2538 Coney Island Ave # 3,Brooklyn,NY,11223,"$1,400/mo","1 bd , 1 ba , 650 sqft",,https://www.zillow.com/homedetails/2538-Coney-Island-Ave-3-Brooklyn-NY-11223/2093946945_zpid/
Apartment for rent,148th St,Jamaica,NY,11435,"$1,400/mo","1 bd , -- ba , -- sqft",,https://www.zillow.com/homedetails/148th-St-Jamaica-NY-11435/2101442236_zpid/
Apartment for rent,42nd St,Brooklyn,NY,11219,"$1,400/mo","1 bd , 1 ba , -- sqft",,https://www.zillow.com/homedetails/42nd-St-Brooklyn-NY-11219/2100914304_zpid/
Apartment for rent,Vail Ave,Staten Island,NY,10309,"$1,400/mo","1 bd , 1 ba , -- sqft",,https://www.zillow.com/homedetails/Vail-Ave-Staten-Island-NY-10309/2085919133_zpid/
Apartment for rent,E 33rd St,Brooklyn,NY,11234,"$1,400/mo","1 bd , 1 ba , 1,892 sqft",,https://www.zillow.com/homedetails/E-33rd-St-Brooklyn-NY-11234/2091932925_zpid/
Apartment for rent,Exeter St,Staten Island,NY,10308,"$1,400/mo","1 bd , 1 ba , -- sqft",,https://www.zillow.com/homedetails/Exeter-St-Staten-Island-NY-10308/2085307936_zpid/
Apartment for rent,Beach 120th St,Rockaway Park,NY,11694,"$1,400/mo","1 bd , 1 ba , -- sqft",,https://www.zillow.com/homedetails/Beach-120th-St-Rockaway-Park-NY-11694/2100219651_zpid/
Apartment for rent,1922 85th St APT B1,Brooklyn,NY,11214,"$1,400/mo","1 bd , 1 ba , -- sqft",,https://www.zillow.com/homedetails/1922-85th-St-APT-B1-Brooklyn-NY-11214/2095455499_zpid/
House for rent,132 Erika Loop FL 1ST,Staten Island,NY,10312,"$1,400/mo","1 bd , 1 ba , 2,285 sqft",,https://www.zillow.com/homedetails/132-Erika-Loop-FL-1ST-Staten-Island-NY-10312/2086273416_zpid/
Apartment for rent,11902 91st Ave APT 4C,Richmond Hill,NY,11418,"$1,400/mo","Studio , 1 ba , 500 sqft",,https://www.zillow.com/homedetails/11902-91st-Ave-APT-4C-Richmond-Hill-NY-11418/2086059894_zpid/
Apartment for rent,254 Quentin Rd,Brooklyn,NY,11223,"$1,400/mo","Studio , 1 ba , 400 sqft",,https://www.zillow.com/homedetails/254-Quentin-Rd-Brooklyn-NY-11223/2104137005_zpid/
Apartment for rent,9 Cebra Ave FL 2ND,Staten Island,NY,10301,"$1,400/mo","1 bd , 1 ba , -- sqft",,https://www.zillow.com/homedetails/9-Cebra-Ave-FL-2ND-Staten-Island-NY-10301/2085354784_zpid/
Apartment for rent,201 Brighton 1st Rd APT 2L,Brooklyn,NY,11235,"$1,400/mo","Studio , 1 ba , 450 sqft",,https://www.zillow.com/homedetails/201-Brighton-1st-Rd-APT-2L-Brooklyn-NY-11235/2092547607_zpid/
For Rent,,,,,,"1 $1,400 2 $1,875",,"https://www.zillow.com/b/1363-68th-St-Brooklyn-NY/40.623379,-74.001607_ll/"
Apartment for rent,266 Avenue W APT 2F,Brooklyn,NY,11223,"$1,400/mo","1 bd , 1 ba , -- sqft",,https://www.zillow.com/homedetails/266-Avenue-W-APT-2F-Brooklyn-NY-11223/2085375452_zpid/
Apartment for rent,342 90th St # 21,Brooklyn,NY,11209,"$1,400/mo","Studio , 1 ba , 450 sqft",,https://www.zillow.com/homedetails/342-90th-St-21-Brooklyn-NY-11209/2086810845_zpid/
Townhouse for rent,1077 Bay Ridge Pkwy # 1,Brooklyn,NY,11228,"$1,400/mo","1 bd , 1 ba , 550 sqft",,https://www.zillow.com/homedetails/1077-Bay-Ridge-Pkwy-1-Brooklyn-NY-11228/2085304245_zpid/
For Rent,,,,,,"1 $1,400 2 $1,700",,"https://www.zillow.com/b/2110-Fulton-St-Brooklyn-NY/40.678144,-73.912826_ll/"
House for rent,3033 Voorhies Ave,Brooklyn,NY,11235,"$1,400/mo","1 bd , 1.5 ba , 1,280 sqft",,https://www.zillow.com/homedetails/3033-Voorhies-Ave-Brooklyn-NY-11235/30750453_zpid/
Apartment for rent,3110 Brighton 3rd St,Brooklyn,NY,11235,"$1,400/mo","1 bd , 1 ba , 1,000 sqft",,https://www.zillow.com/homedetails/3110-Brighton-3rd-St-Brooklyn-NY-11235/2096662497_zpid/
For Rent,,,,,,"0 $1,400 1 $2,000",,"https://www.zillow.com/b/40-Brighton-1st-Rd-Brooklyn-NY/40.575478,-73.967109_ll/"
Apartment for rent,8610 25th Ave APT 2F,Brooklyn,NY,11214,"$1,400/mo","1 bd , 1 ba , -- sqft",,https://www.zillow.com/homedetails/8610-25th-Ave-APT-2F-Brooklyn-NY-11214/2086452629_zpid/
Apartment for rent,15410 129th Ave,Jamaica,NY,11434,"$1,400/mo","1 bd , 1 ba , 960 sqft",,https://www.zillow.com/homedetails/15410-129th-Ave-Jamaica-NY-11434/32187718_zpid/
Apartment for rent,10408 150th St,Jamaica,NY,11435,"$1,400/mo","Studio , -- ba , 900 sqft",,https://www.zillow.com/homedetails/10408-150th-St-Jamaica-NY-11435/2086999288_zpid/
Apartment for rent,2810 Foster Ave # 5,Brooklyn,NY,11210,"$1,400/mo","Studio , 1 ba , 550 sqft",,https://www.zillow.com/homedetails/2810-Foster-Ave-5-Brooklyn-NY-11210/2091478405_zpid/
House for rent,192 Gervil St,STATEN ISLAND,NY,10309,"$1,400/mo","1 bd , 1 ba , 2,496 sqft",,https://www.zillow.com/homedetails/192-Gervil-St-Staten-Island-NY-10309/32371407_zpid/
